#
# There is insufficient memory for the Java Runtime Environment to continue.
# Native memory allocation (malloc) failed to allocate 1222896 bytes for Chunk::new
# Possible reasons:
#   The system is out of physical RAM or swap space
#   The process is running with CompressedOops enabled, and the Java Heap may be blocking the growth of the native heap
# Possible solutions:
#   Reduce memory load on the system
#   Increase physical memory or swap space
#   Check if swap backing store is full
#   Decrease Java heap size (-Xmx/-Xms)
#   Decrease number of Java threads
#   Decrease Java thread stack sizes (-Xss)
#   Set larger code cache with -XX:ReservedCodeCacheSize=
#   JVM is running with Unscaled Compressed Oops mode in which the Java heap is
#     placed in the first 4GB address space. The Java Heap base address is the
#     maximum limit for the native heap growth. Please use -XX:HeapBaseMinAddress
#     to set the Java Heap base and to place the Java Heap above 4GB virtual address.
# This output file may be truncated or incomplete.
#
#  Out of Memory Error (arena.cpp:189), pid=10648, tid=40100
#
# JRE version: Java(TM) SE Runtime Environment (17.0.12+8) (build 17.0.12+8-LTS-286)
# Java VM: Java HotSpot(TM) 64-Bit Server VM (17.0.12+8-LTS-286, mixed mode, sharing, tiered, compressed oops, compressed class ptrs, g1 gc, windows-amd64)
# No core dump will be written. Minidumps are not enabled by default on client versions of Windows
#

---------------  S U M M A R Y ------------

Command Line: --add-opens=java.base/java.util.concurrent.atomic=ALL-UNNAMED --add-opens=java.base/java.util=ALL-UNNAMED --add-opens=java.base/java.lang=ALL-UNNAMED --add-opens=java.base/java.lang.invoke=ALL-UNNAMED --add-opens=java.prefs/java.util.prefs=ALL-UNNAMED --add-opens=java.base/java.nio.charset=ALL-UNNAMED --add-opens=java.base/java.net=ALL-UNNAMED --add-opens=java.base/java.util.concurrent.atomic=ALL-UNNAMED -Xmx2048m -Dfile.encoding=UTF-8 -Duser.country=CN -Duser.language=zh -Duser.variant -javaagent:D:\Android\.gradle\wrapper\dists\gradle-8.7-bin\bhs2wmbdwecv87pi65oeuq5iu\gradle-8.7\lib\agents\gradle-instrumentation-agent-8.7.jar org.gradle.launcher.daemon.bootstrap.GradleDaemon 8.7

Host: Intel(R) Core(TM) i7-14650HX, 24 cores, 31G,  Windows 11 , 64 bit Build 26100 (10.0.26100.2454)
Time: Mon Jan  6 17:51:33 2025  Windows 11 , 64 bit Build 26100 (10.0.26100.2454) elapsed time: 7.186034 seconds (0d 0h 0m 7s)

---------------  T H R E A D  ---------------

Current thread (0x00000197da04f860):  JavaThread "C2 CompilerThread2" daemon [_thread_in_native, id=40100, stack(0x0000001200800000,0x0000001200900000)]


Current CompileTask:
C2:   7186 12966       4       org.gradle.cache.internal.btree.CachingBlockStore::read (56 bytes)

Stack: [0x0000001200800000,0x0000001200900000]
Native frames: (J=compiled Java code, j=interpreted, Vv=VM code, C=native code)
V  [jvm.dll+0x67a04a]
V  [jvm.dll+0x7da4ed]
V  [jvm.dll+0x7dbe33]
V  [jvm.dll+0x7dc4a3]
V  [jvm.dll+0x24508f]
V  [jvm.dll+0xab773]
V  [jvm.dll+0xabd3c]
V  [jvm.dll+0x361b9f]
V  [jvm.dll+0x32c431]
V  [jvm.dll+0x32b8ca]
V  [jvm.dll+0x21683f]
V  [jvm.dll+0x215c6f]
V  [jvm.dll+0x1a2960]
V  [jvm.dll+0x22610b]
V  [jvm.dll+0x2242ab]
V  [jvm.dll+0x79075c]
V  [jvm.dll+0x78abea]
V  [jvm.dll+0x678f35]
C  [ucrtbase.dll+0x14ea0]
C  [KERNEL32.DLL+0x2e8d7]
C  [ntdll.dll+0xdfbcc]


---------------  P R O C E S S  ---------------

Threads class SMR info:
_java_thread_list=0x00000197e23c1080, length=151, elements={
0x00000197f5301960, 0x00000197ff32dc20, 0x00000197ff32f160, 0x00000197ffcba680,
0x00000197ffcbcf60, 0x00000197ffcbd830, 0x00000197ffcbf7e0, 0x00000197ffcc1ac0,
0x00000197ffcc2f40, 0x00000197ffcdcb50, 0x00000197ff31a6c0, 0x00000197ffe033c0,
0x00000197ffe058f0, 0x00000197ffe1e1f0, 0x00000197ffe46f40, 0x00000197fff73620,
0x00000197da04f860, 0x00000197da7aa860, 0x00000197dc0dca80, 0x00000197dbb5cf60,
0x00000197dc6d6ee0, 0x00000197dbe12ce0, 0x00000197dbf96070, 0x00000197dbf974b0,
0x00000197dbf979c0, 0x00000197dbf96a90, 0x00000197dbf96580, 0x00000197dbf96fa0,
0x00000197dc17fe70, 0x00000197dc17e520, 0x00000197dc17e010, 0x00000197dc17f450,
0x00000197dc180da0, 0x00000197dc17ea30, 0x00000197dc17f960, 0x00000197dc17d5f0,
0x00000197dc181cd0, 0x00000197dc1826f0, 0x00000197dc1821e0, 0x00000197dc182c00,
0x00000197dc183110, 0x00000197dc1812b0, 0x00000197dc183620, 0x00000197dc184a60,
0x00000197dc184f70, 0x00000197dc183b30, 0x00000197dc184040, 0x00000197dc184550,
0x00000197dc1817c0, 0x00000197ded8f5b0, 0x00000197ded904e0, 0x00000197ded8eb90,
0x00000197ded8fac0, 0x00000197ded8ffd0, 0x00000197ded909f0, 0x00000197ded90f00,
0x00000197ded91e30, 0x00000197ded92340, 0x00000197ded92850, 0x00000197ded8f0a0,
0x00000197ded93780, 0x00000197ded92d60, 0x00000197ded93c90, 0x00000197ded946b0,
0x00000197ded94bc0, 0x00000197ded955e0, 0x00000197ded95af0, 0x00000197ded96000,
0x00000197dcbea0d0, 0x00000197dcbe91a0, 0x00000197dcbeaaf0, 0x00000197dcbe8c90,
0x00000197dcbe96b0, 0x00000197dcbeb510, 0x00000197dcbed370, 0x00000197dcbe9bc0,
0x00000197dcbeb000, 0x00000197dcbeba20, 0x00000197dcbed880, 0x00000197dcbebf30,
0x00000197dcbea5e0, 0x00000197dcbee2a0, 0x00000197dcbedd90, 0x00000197dcbee7b0,
0x00000197dcbeecc0, 0x00000197dcbef1d0, 0x00000197dcbef6e0, 0x00000197dcbec440,
0x00000197dcbefbf0, 0x00000197dcbf0100, 0x00000197dcbf0610, 0x00000197df013eb0,
0x00000197df014de0, 0x00000197df0143c0, 0x00000197df012f80, 0x00000197df011630,
0x00000197df011b40, 0x00000197df012050, 0x00000197df0152f0, 0x00000197df015800,
0x00000197df015d10, 0x00000197df012560, 0x00000197df016220, 0x00000197df012a70,
0x00000197df016730, 0x00000197df016c40, 0x00000197df013490, 0x00000197df017150,
0x00000197df0139a0, 0x00000197df017660, 0x00000197df017b70, 0x00000197df018080,
0x00000197df018fb0, 0x00000197df018590, 0x00000197df018aa0, 0x00000197deae87a0,
0x00000197deae8cb0, 0x00000197deae7870, 0x00000197deaeab10, 0x00000197deae91c0,
0x00000197deae7d80, 0x00000197e20fda10, 0x00000197deaece80, 0x00000197deaeba40,
0x00000197deaeece0, 0x00000197deaec460, 0x00000197deaef1f0, 0x00000197ded91410,
0x00000197ded91920, 0x00000197dc17db00, 0x00000197db2a9d20, 0x00000197db2a9300,
0x00000197db2aac50, 0x00000197db2a79b0, 0x00000197db2aa230, 0x00000197db2aa740,
0x00000197db2a74a0, 0x00000197db2a88e0, 0x00000197db2a9810, 0x00000197db2ab160,
0x00000197db2ab670, 0x00000197db2a7ec0, 0x00000197db2abb80, 0x00000197db2a83d0,
0x00000197db2ac090, 0x00000197db2ac5a0, 0x00000197db2a8df0, 0x00000197db2ad4d0,
0x00000197db2ae910, 0x00000197dec8f510, 0x00000197dec8cc90
}

Java Threads: ( => current thread )
  0x00000197f5301960 JavaThread "main" [_thread_blocked, id=31900, stack(0x000000127f100000,0x000000127f200000)]
  0x00000197ff32dc20 JavaThread "Reference Handler" daemon [_thread_blocked, id=16928, stack(0x000000127f800000,0x000000127f900000)]
  0x00000197ff32f160 JavaThread "Finalizer" daemon [_thread_blocked, id=30732, stack(0x000000127f900000,0x000000127fa00000)]
  0x00000197ffcba680 JavaThread "Signal Dispatcher" daemon [_thread_blocked, id=35800, stack(0x000000127fa00000,0x000000127fb00000)]
  0x00000197ffcbcf60 JavaThread "Attach Listener" daemon [_thread_blocked, id=6448, stack(0x000000127fb00000,0x000000127fc00000)]
  0x00000197ffcbd830 JavaThread "Service Thread" daemon [_thread_blocked, id=27152, stack(0x000000127fc00000,0x000000127fd00000)]
  0x00000197ffcbf7e0 JavaThread "Monitor Deflation Thread" daemon [_thread_blocked, id=43436, stack(0x000000127fd00000,0x000000127fe00000)]
  0x00000197ffcc1ac0 JavaThread "C2 CompilerThread0" daemon [_thread_blocked, id=39724, stack(0x000000127fe00000,0x000000127ff00000)]
  0x00000197ffcc2f40 JavaThread "C1 CompilerThread0" daemon [_thread_blocked, id=19008, stack(0x000000127ff00000,0x0000001280000000)]
  0x00000197ffcdcb50 JavaThread "Sweeper thread" daemon [_thread_in_vm, id=20424, stack(0x0000001200000000,0x0000001200100000)]
  0x00000197ff31a6c0 JavaThread "Common-Cleaner" daemon [_thread_blocked, id=16224, stack(0x0000001200100000,0x0000001200200000)]
  0x00000197ffe033c0 JavaThread "C1 CompilerThread1" daemon [_thread_blocked, id=1688, stack(0x0000001200200000,0x0000001200300000)]
  0x00000197ffe058f0 JavaThread "C1 CompilerThread2" daemon [_thread_blocked, id=37980, stack(0x0000001200300000,0x0000001200400000)]
  0x00000197ffe1e1f0 JavaThread "C1 CompilerThread3" daemon [_thread_blocked, id=36984, stack(0x0000001200400000,0x0000001200500000)]
  0x00000197ffe46f40 JavaThread "C2 CompilerThread1" daemon [_thread_blocked, id=4896, stack(0x0000001200500000,0x0000001200600000)]
  0x00000197fff73620 JavaThread "Notification Thread" daemon [_thread_blocked, id=29588, stack(0x0000001200600000,0x0000001200700000)]
=>0x00000197da04f860 JavaThread "C2 CompilerThread2" daemon [_thread_in_native, id=40100, stack(0x0000001200800000,0x0000001200900000)]
  0x00000197da7aa860 JavaThread "C2 CompilerThread3" daemon [_thread_blocked, id=12544, stack(0x0000001200900000,0x0000001200a00000)]
  0x00000197dc0dca80 JavaThread "Daemon health stats" [_thread_blocked, id=37476, stack(0x0000001201600000,0x0000001201700000)]
  0x00000197dbb5cf60 JavaThread "Incoming local TCP Connector on port 59322" [_thread_in_native, id=42212, stack(0x0000001201700000,0x0000001201800000)]
  0x00000197dc6d6ee0 JavaThread "Daemon periodic checks" [_thread_blocked, id=24660, stack(0x0000001201800000,0x0000001201900000)]
  0x00000197dbe12ce0 JavaThread "Daemon" [_thread_blocked, id=12580, stack(0x0000001201900000,0x0000001201a00000)]
  0x00000197dbf96070 JavaThread "Handler for socket connection from /127.0.0.1:59322 to /127.0.0.1:59323" [_thread_in_native, id=17456, stack(0x0000001201a00000,0x0000001201b00000)]
  0x00000197dbf974b0 JavaThread "Cancel handler" [_thread_blocked, id=8388, stack(0x0000001201b00000,0x0000001201c00000)]
  0x00000197dbf979c0 JavaThread "Daemon worker" [_thread_in_Java, id=43688, stack(0x0000001201c00000,0x0000001201d00000)]
  0x00000197dbf96a90 JavaThread "Asynchronous log dispatcher for DefaultDaemonConnection: socket connection from /127.0.0.1:59322 to /127.0.0.1:59323" [_thread_blocked, id=20704, stack(0x0000001201d00000,0x0000001201e00000)]
  0x00000197dbf96580 JavaThread "Stdin handler" [_thread_blocked, id=14516, stack(0x0000001201e00000,0x0000001201f00000)]
  0x00000197dbf96fa0 JavaThread "Daemon client event forwarder" [_thread_blocked, id=20476, stack(0x0000001201f00000,0x0000001202000000)]
  0x00000197dc17fe70 JavaThread "Cache worker for journal cache (D:\Android\.gradle\caches\journal-1)" [_thread_blocked, id=11468, stack(0x0000001202000000,0x0000001202100000)]
  0x00000197dc17e520 JavaThread "File lock request listener" [_thread_in_native, id=41616, stack(0x0000001202100000,0x0000001202200000)]
  0x00000197dc17e010 JavaThread "Cache worker for file hash cache (D:\Android\.gradle\caches\8.7\fileHashes)" [_thread_blocked, id=41040, stack(0x0000001202200000,0x0000001202300000)]
  0x00000197dc17f450 JavaThread "Cache worker for file hash cache (D:\Project\AndroidProject\Kotlin\YouthApartment\.gradle\8.7\fileHashes)" [_thread_blocked, id=35564, stack(0x0000001202300000,0x0000001202400000)]
  0x00000197dc180da0 JavaThread "File watcher server" daemon [_thread_in_native, id=41760, stack(0x0000001202e00000,0x0000001202f00000)]
  0x00000197dc17ea30 JavaThread "File watcher consumer" daemon [_thread_blocked, id=32888, stack(0x0000001202f00000,0x0000001203000000)]
  0x00000197dc17f960 JavaThread "jar transforms" [_thread_blocked, id=22540, stack(0x0000001203000000,0x0000001203100000)]
  0x00000197dc17d5f0 JavaThread "jar transforms Thread 2" [_thread_blocked, id=17476, stack(0x0000001203100000,0x0000001203200000)]
  0x00000197dc181cd0 JavaThread "jar transforms Thread 3" [_thread_blocked, id=37996, stack(0x0000001203200000,0x0000001203300000)]
  0x00000197dc1826f0 JavaThread "jar transforms Thread 4" [_thread_blocked, id=41960, stack(0x0000001203300000,0x0000001203400000)]
  0x00000197dc1821e0 JavaThread "jar transforms Thread 5" [_thread_blocked, id=34892, stack(0x0000001203400000,0x0000001203500000)]
  0x00000197dc182c00 JavaThread "jar transforms Thread 6" [_thread_blocked, id=18200, stack(0x0000001203500000,0x0000001203600000)]
  0x00000197dc183110 JavaThread "jar transforms Thread 7" [_thread_blocked, id=31264, stack(0x0000001203600000,0x0000001203700000)]
  0x00000197dc1812b0 JavaThread "jar transforms Thread 8" [_thread_blocked, id=14360, stack(0x0000001203700000,0x0000001203800000)]
  0x00000197dc183620 JavaThread "jar transforms Thread 9" [_thread_blocked, id=2792, stack(0x0000001203800000,0x0000001203900000)]
  0x00000197dc184a60 JavaThread "jar transforms Thread 10" [_thread_blocked, id=11484, stack(0x0000001203900000,0x0000001203a00000)]
  0x00000197dc184f70 JavaThread "jar transforms Thread 11" [_thread_blocked, id=38444, stack(0x0000001203a00000,0x0000001203b00000)]
  0x00000197dc183b30 JavaThread "jar transforms Thread 12" [_thread_blocked, id=26776, stack(0x0000001203b00000,0x0000001203c00000)]
  0x00000197dc184040 JavaThread "jar transforms Thread 13" [_thread_blocked, id=6104, stack(0x0000001203c00000,0x0000001203d00000)]
  0x00000197dc184550 JavaThread "jar transforms Thread 14" [_thread_blocked, id=34732, stack(0x0000001203d00000,0x0000001203e00000)]
  0x00000197dc1817c0 JavaThread "jar transforms Thread 15" [_thread_blocked, id=37452, stack(0x0000001203e00000,0x0000001203f00000)]
  0x00000197ded8f5b0 JavaThread "jar transforms Thread 16" [_thread_blocked, id=37648, stack(0x0000001203f00000,0x0000001204000000)]
  0x00000197ded904e0 JavaThread "jar transforms Thread 17" [_thread_blocked, id=28140, stack(0x0000001204000000,0x0000001204100000)]
  0x00000197ded8eb90 JavaThread "jar transforms Thread 18" [_thread_blocked, id=33548, stack(0x0000001204100000,0x0000001204200000)]
  0x00000197ded8fac0 JavaThread "jar transforms Thread 19" [_thread_blocked, id=3532, stack(0x0000001204200000,0x0000001204300000)]
  0x00000197ded8ffd0 JavaThread "jar transforms Thread 20" [_thread_blocked, id=43648, stack(0x0000001204300000,0x0000001204400000)]
  0x00000197ded909f0 JavaThread "Cache worker for checksums cache (D:\Project\AndroidProject\Kotlin\YouthApartment\.gradle\8.7\checksums)" [_thread_blocked, id=27784, stack(0x0000001204400000,0x0000001204500000)]
  0x00000197ded90f00 JavaThread "Cache worker for cache directory md-supplier (D:\Android\.gradle\caches\8.7\md-supplier)" [_thread_blocked, id=11820, stack(0x0000001204500000,0x0000001204600000)]
  0x00000197ded91e30 JavaThread "Cache worker for cache directory md-rule (D:\Android\.gradle\caches\8.7\md-rule)" [_thread_blocked, id=5108, stack(0x0000001204600000,0x0000001204700000)]
  0x00000197ded92340 JavaThread "Cache worker for file content cache (D:\Android\.gradle\caches\8.7\fileContent)" [_thread_blocked, id=12872, stack(0x0000001204700000,0x0000001204800000)]
  0x00000197ded92850 JavaThread "jar transforms Thread 21" [_thread_blocked, id=1760, stack(0x0000001204800000,0x0000001204900000)]
  0x00000197ded8f0a0 JavaThread "jar transforms Thread 22" [_thread_blocked, id=12796, stack(0x0000001204900000,0x0000001204a00000)]
  0x00000197ded93780 JavaThread "jar transforms Thread 23" [_thread_blocked, id=14196, stack(0x0000001204a00000,0x0000001204b00000)]
  0x00000197ded92d60 JavaThread "Unconstrained build operations" [_thread_blocked, id=31108, stack(0x0000001204b00000,0x0000001204c00000)]
  0x00000197ded93c90 JavaThread "Unconstrained build operations Thread 2" [_thread_blocked, id=37628, stack(0x0000001204c00000,0x0000001204d00000)]
  0x00000197ded946b0 JavaThread "jar transforms Thread 24" [_thread_blocked, id=32024, stack(0x0000001204d00000,0x0000001204e00000)]
  0x00000197ded94bc0 JavaThread "Unconstrained build operations Thread 3" [_thread_blocked, id=27752, stack(0x0000001204e00000,0x0000001204f00000)]
  0x00000197ded955e0 JavaThread "Unconstrained build operations Thread 4" [_thread_blocked, id=11888, stack(0x0000001204f00000,0x0000001205000000)]
  0x00000197ded95af0 JavaThread "Unconstrained build operations Thread 5" [_thread_blocked, id=28920, stack(0x0000001205000000,0x0000001205100000)]
  0x00000197ded96000 JavaThread "Unconstrained build operations Thread 6" [_thread_blocked, id=33400, stack(0x0000001205100000,0x0000001205200000)]
  0x00000197dcbea0d0 JavaThread "Unconstrained build operations Thread 7" [_thread_blocked, id=4496, stack(0x0000001205200000,0x0000001205300000)]
  0x00000197dcbe91a0 JavaThread "Unconstrained build operations Thread 8" [_thread_blocked, id=38208, stack(0x0000001205300000,0x0000001205400000)]
  0x00000197dcbeaaf0 JavaThread "Unconstrained build operations Thread 9" [_thread_blocked, id=6516, stack(0x0000001205400000,0x0000001205500000)]
  0x00000197dcbe8c90 JavaThread "Unconstrained build operations Thread 10" [_thread_blocked, id=14400, stack(0x0000001205500000,0x0000001205600000)]
  0x00000197dcbe96b0 JavaThread "Cache worker for Build Output Cleanup Cache (D:\Project\AndroidProject\Kotlin\YouthApartment\.gradle\buildOutputCleanup)" [_thread_blocked, id=35740, stack(0x0000001205600000,0x0000001205700000)]
  0x00000197dcbeb510 JavaThread "Unconstrained build operations Thread 11" [_thread_blocked, id=31104, stack(0x0000001205700000,0x0000001205800000)]
  0x00000197dcbed370 JavaThread "Unconstrained build operations Thread 12" [_thread_blocked, id=4256, stack(0x0000001205800000,0x0000001205900000)]
  0x00000197dcbe9bc0 JavaThread "Unconstrained build operations Thread 13" [_thread_blocked, id=39312, stack(0x0000001205900000,0x0000001205a00000)]
  0x00000197dcbeb000 JavaThread "Unconstrained build operations Thread 14" [_thread_blocked, id=28900, stack(0x0000001205a00000,0x0000001205b00000)]
  0x00000197dcbeba20 JavaThread "Unconstrained build operations Thread 15" [_thread_blocked, id=34104, stack(0x0000001205b00000,0x0000001205c00000)]
  0x00000197dcbed880 JavaThread "Unconstrained build operations Thread 16" [_thread_blocked, id=43652, stack(0x0000001205c00000,0x0000001205d00000)]
  0x00000197dcbebf30 JavaThread "Unconstrained build operations Thread 17" [_thread_blocked, id=12476, stack(0x0000001205d00000,0x0000001205e00000)]
  0x00000197dcbea5e0 JavaThread "Unconstrained build operations Thread 18" [_thread_blocked, id=17480, stack(0x0000001205e00000,0x0000001205f00000)]
  0x00000197dcbee2a0 JavaThread "Unconstrained build operations Thread 19" [_thread_blocked, id=44020, stack(0x0000001205f00000,0x0000001206000000)]
  0x00000197dcbedd90 JavaThread "Unconstrained build operations Thread 20" [_thread_blocked, id=28476, stack(0x0000001206000000,0x0000001206100000)]
  0x00000197dcbee7b0 JavaThread "Unconstrained build operations Thread 21" [_thread_blocked, id=18216, stack(0x0000001206100000,0x0000001206200000)]
  0x00000197dcbeecc0 JavaThread "Unconstrained build operations Thread 22" [_thread_blocked, id=30916, stack(0x0000001206200000,0x0000001206300000)]
  0x00000197dcbef1d0 JavaThread "Unconstrained build operations Thread 23" [_thread_blocked, id=36948, stack(0x0000001206300000,0x0000001206400000)]
  0x00000197dcbef6e0 JavaThread "Unconstrained build operations Thread 24" [_thread_blocked, id=10156, stack(0x0000001206400000,0x0000001206500000)]
  0x00000197dcbec440 JavaThread "Unconstrained build operations Thread 25" [_thread_blocked, id=32628, stack(0x0000001206500000,0x0000001206600000)]
  0x00000197dcbefbf0 JavaThread "Unconstrained build operations Thread 26" [_thread_blocked, id=43788, stack(0x0000001206600000,0x0000001206700000)]
  0x00000197dcbf0100 JavaThread "Unconstrained build operations Thread 27" [_thread_blocked, id=18336, stack(0x0000001206700000,0x0000001206800000)]
  0x00000197dcbf0610 JavaThread "Unconstrained build operations Thread 28" [_thread_blocked, id=42904, stack(0x0000001206800000,0x0000001206900000)]
  0x00000197df013eb0 JavaThread "Unconstrained build operations Thread 29" [_thread_blocked, id=32696, stack(0x0000001206900000,0x0000001206a00000)]
  0x00000197df014de0 JavaThread "Unconstrained build operations Thread 30" [_thread_blocked, id=36332, stack(0x0000001206a00000,0x0000001206b00000)]
  0x00000197df0143c0 JavaThread "Unconstrained build operations Thread 31" [_thread_blocked, id=39468, stack(0x0000001206b00000,0x0000001206c00000)]
  0x00000197df012f80 JavaThread "Unconstrained build operations Thread 32" [_thread_blocked, id=13620, stack(0x0000001206c00000,0x0000001206d00000)]
  0x00000197df011630 JavaThread "Unconstrained build operations Thread 33" [_thread_blocked, id=36124, stack(0x0000001206d00000,0x0000001206e00000)]
  0x00000197df011b40 JavaThread "Unconstrained build operations Thread 34" [_thread_blocked, id=13384, stack(0x0000001206e00000,0x0000001206f00000)]
  0x00000197df012050 JavaThread "Unconstrained build operations Thread 35" [_thread_blocked, id=41864, stack(0x0000001206f00000,0x0000001207000000)]
  0x00000197df0152f0 JavaThread "Unconstrained build operations Thread 36" [_thread_blocked, id=22844, stack(0x0000001207000000,0x0000001207100000)]
  0x00000197df015800 JavaThread "Unconstrained build operations Thread 37" [_thread_blocked, id=31168, stack(0x0000001207100000,0x0000001207200000)]
  0x00000197df015d10 JavaThread "Unconstrained build operations Thread 38" [_thread_blocked, id=10232, stack(0x0000001207200000,0x0000001207300000)]
  0x00000197df012560 JavaThread "Unconstrained build operations Thread 39" [_thread_blocked, id=37660, stack(0x0000001207300000,0x0000001207400000)]
  0x00000197df016220 JavaThread "Unconstrained build operations Thread 40" [_thread_blocked, id=18364, stack(0x0000001207400000,0x0000001207500000)]
  0x00000197df012a70 JavaThread "Unconstrained build operations Thread 41" [_thread_blocked, id=40660, stack(0x0000001207500000,0x0000001207600000)]
  0x00000197df016730 JavaThread "Unconstrained build operations Thread 42" [_thread_blocked, id=44920, stack(0x0000001207600000,0x0000001207700000)]
  0x00000197df016c40 JavaThread "Unconstrained build operations Thread 43" [_thread_blocked, id=35008, stack(0x0000001207700000,0x0000001207800000)]
  0x00000197df013490 JavaThread "Unconstrained build operations Thread 44" [_thread_blocked, id=25696, stack(0x0000001207800000,0x0000001207900000)]
  0x00000197df017150 JavaThread "Unconstrained build operations Thread 45" [_thread_blocked, id=35220, stack(0x0000001207900000,0x0000001207a00000)]
  0x00000197df0139a0 JavaThread "Unconstrained build operations Thread 46" [_thread_blocked, id=13540, stack(0x0000001207a00000,0x0000001207b00000)]
  0x00000197df017660 JavaThread "Unconstrained build operations Thread 47" [_thread_blocked, id=3848, stack(0x0000001207b00000,0x0000001207c00000)]
  0x00000197df017b70 JavaThread "Unconstrained build operations Thread 48" [_thread_blocked, id=8584, stack(0x0000001207c00000,0x0000001207d00000)]
  0x00000197df018080 JavaThread "Unconstrained build operations Thread 49" [_thread_blocked, id=21096, stack(0x0000001207d00000,0x0000001207e00000)]
  0x00000197df018fb0 JavaThread "Unconstrained build operations Thread 50" [_thread_blocked, id=42864, stack(0x0000001207e00000,0x0000001207f00000)]
  0x00000197df018590 JavaThread "Unconstrained build operations Thread 51" [_thread_blocked, id=41644, stack(0x0000001207f00000,0x0000001208000000)]
  0x00000197df018aa0 JavaThread "Unconstrained build operations Thread 52" [_thread_blocked, id=31332, stack(0x0000001208000000,0x0000001208100000)]
  0x00000197deae87a0 JavaThread "Unconstrained build operations Thread 53" [_thread_blocked, id=38024, stack(0x0000001208100000,0x0000001208200000)]
  0x00000197deae8cb0 JavaThread "Unconstrained build operations Thread 54" [_thread_blocked, id=42408, stack(0x0000001208200000,0x0000001208300000)]
  0x00000197deae7870 JavaThread "Unconstrained build operations Thread 55" [_thread_blocked, id=42604, stack(0x0000001208300000,0x0000001208400000)]
  0x00000197deaeab10 JavaThread "Unconstrained build operations Thread 56" [_thread_blocked, id=29904, stack(0x0000001208400000,0x0000001208500000)]
  0x00000197deae91c0 JavaThread "Memory manager" [_thread_blocked, id=40184, stack(0x0000001208700000,0x0000001208800000)]
  0x00000197deae7d80 JavaThread "build event listener" [_thread_blocked, id=34540, stack(0x0000001200a00000,0x0000001200b00000)]
  0x00000197e20fda10 JavaThread "C2 CompilerThread4" daemon [_thread_in_native, id=20460, stack(0x0000001208800000,0x0000001208900000)]
  0x00000197deaece80 JavaThread "pool-3-thread-1" [_thread_blocked, id=40232, stack(0x0000001208900000,0x0000001208a00000)]
  0x00000197deaeba40 JavaThread "included builds" [_thread_blocked, id=36472, stack(0x0000001208a00000,0x0000001208b00000)]
  0x00000197deaeece0 JavaThread "Execution worker" [_thread_blocked, id=10580, stack(0x0000001208b00000,0x0000001208c00000)]
  0x00000197deaec460 JavaThread "Execution worker Thread 2" [_thread_blocked, id=9028, stack(0x0000001208c00000,0x0000001208d00000)]
  0x00000197deaef1f0 JavaThread "Execution worker Thread 3" [_thread_blocked, id=33836, stack(0x0000001208d00000,0x0000001208e00000)]
  0x00000197ded91410 JavaThread "Execution worker Thread 4" [_thread_blocked, id=29860, stack(0x0000001208e00000,0x0000001208f00000)]
  0x00000197ded91920 JavaThread "Execution worker Thread 5" [_thread_blocked, id=22676, stack(0x0000001208f00000,0x0000001209000000)]
  0x00000197dc17db00 JavaThread "Execution worker Thread 6" [_thread_blocked, id=19876, stack(0x0000001209000000,0x0000001209100000)]
  0x00000197db2a9d20 JavaThread "Execution worker Thread 7" [_thread_blocked, id=44992, stack(0x0000001209100000,0x0000001209200000)]
  0x00000197db2a9300 JavaThread "Execution worker Thread 8" [_thread_blocked, id=33864, stack(0x0000001209200000,0x0000001209300000)]
  0x00000197db2aac50 JavaThread "Execution worker Thread 9" [_thread_blocked, id=29464, stack(0x0000001209300000,0x0000001209400000)]
  0x00000197db2a79b0 JavaThread "Execution worker Thread 10" [_thread_blocked, id=39560, stack(0x0000001209400000,0x0000001209500000)]
  0x00000197db2aa230 JavaThread "Execution worker Thread 11" [_thread_blocked, id=10296, stack(0x0000001209500000,0x0000001209600000)]
  0x00000197db2aa740 JavaThread "Execution worker Thread 12" [_thread_blocked, id=2568, stack(0x0000001209600000,0x0000001209700000)]
  0x00000197db2a74a0 JavaThread "Execution worker Thread 13" [_thread_blocked, id=11192, stack(0x0000001209700000,0x0000001209800000)]
  0x00000197db2a88e0 JavaThread "Execution worker Thread 14" [_thread_blocked, id=20540, stack(0x0000001209800000,0x0000001209900000)]
  0x00000197db2a9810 JavaThread "Execution worker Thread 15" [_thread_blocked, id=6356, stack(0x0000001209900000,0x0000001209a00000)]
  0x00000197db2ab160 JavaThread "Execution worker Thread 16" [_thread_blocked, id=44416, stack(0x0000001209a00000,0x0000001209b00000)]
  0x00000197db2ab670 JavaThread "Execution worker Thread 17" [_thread_blocked, id=36976, stack(0x0000001209b00000,0x0000001209c00000)]
  0x00000197db2a7ec0 JavaThread "Execution worker Thread 18" [_thread_blocked, id=26224, stack(0x0000001209c00000,0x0000001209d00000)]
  0x00000197db2abb80 JavaThread "Execution worker Thread 19" [_thread_blocked, id=17764, stack(0x0000001209d00000,0x0000001209e00000)]
  0x00000197db2a83d0 JavaThread "Execution worker Thread 20" [_thread_blocked, id=19276, stack(0x0000001209e00000,0x0000001209f00000)]
  0x00000197db2ac090 JavaThread "Execution worker Thread 21" [_thread_blocked, id=26552, stack(0x0000001209f00000,0x000000120a000000)]
  0x00000197db2ac5a0 JavaThread "Execution worker Thread 22" [_thread_blocked, id=15468, stack(0x000000120a000000,0x000000120a100000)]
  0x00000197db2a8df0 JavaThread "Execution worker Thread 23" [_thread_blocked, id=3164, stack(0x000000120a100000,0x000000120a200000)]
  0x00000197db2ad4d0 JavaThread "Cache worker for execution history cache (D:\Project\AndroidProject\Kotlin\YouthApartment\.gradle\8.7\executionHistory)" [_thread_blocked, id=38044, stack(0x000000120a200000,0x000000120a300000)]
  0x00000197db2ae910 JavaThread "idea-tooling-model-converter" [_thread_blocked, id=33744, stack(0x000000120a300000,0x000000120a400000)]
  0x00000197dec8f510 JavaThread "Unconstrained build operations Thread 57" [_thread_blocked, id=20996, stack(0x000000120a400000,0x000000120a500000)]
  0x00000197dec8cc90 JavaThread "Unconstrained build operations Thread 58" [_thread_blocked, id=43936, stack(0x000000120a500000,0x000000120a600000)]

Other Threads:
  0x00000197ff327b10 VMThread "VM Thread" [stack: 0x000000127f700000,0x000000127f800000] [id=19268]
  0x00000197f53ac550 WatcherThread [stack: 0x0000001200700000,0x0000001200800000] [id=40988]
  0x00000197f5363b20 GCTaskThread "GC Thread#0" [stack: 0x000000127f200000,0x000000127f300000] [id=33756]
  0x00000197db97bc80 GCTaskThread "GC Thread#1" [stack: 0x0000001200b00000,0x0000001200c00000] [id=38640]
  0x00000197da48ff30 GCTaskThread "GC Thread#2" [stack: 0x0000001200c00000,0x0000001200d00000] [id=39768]
  0x00000197da4901f0 GCTaskThread "GC Thread#3" [stack: 0x0000001200d00000,0x0000001200e00000] [id=6456]
  0x00000197da4904b0 GCTaskThread "GC Thread#4" [stack: 0x0000001200e00000,0x0000001200f00000] [id=13616]
  0x00000197da490770 GCTaskThread "GC Thread#5" [stack: 0x0000001200f00000,0x0000001201000000] [id=35892]
  0x00000197da490a30 GCTaskThread "GC Thread#6" [stack: 0x0000001201000000,0x0000001201100000] [id=37892]
  0x00000197dab4e220 GCTaskThread "GC Thread#7" [stack: 0x0000001201100000,0x0000001201200000] [id=31420]
  0x00000197dab4e8b0 GCTaskThread "GC Thread#8" [stack: 0x0000001201200000,0x0000001201300000] [id=18024]
  0x00000197db62d640 GCTaskThread "GC Thread#9" [stack: 0x0000001201300000,0x0000001201400000] [id=41384]
  0x00000197da6917f0 GCTaskThread "GC Thread#10" [stack: 0x0000001201400000,0x0000001201500000] [id=9920]
  0x00000197da691ab0 GCTaskThread "GC Thread#11" [stack: 0x0000001201500000,0x0000001201600000] [id=38404]
  0x00000197db8bf930 GCTaskThread "GC Thread#12" [stack: 0x0000001202400000,0x0000001202500000] [id=34196]
  0x00000197db8c06f0 GCTaskThread "GC Thread#13" [stack: 0x0000001202500000,0x0000001202600000] [id=44684]
  0x00000197db8bfbf0 GCTaskThread "GC Thread#14" [stack: 0x0000001202600000,0x0000001202700000] [id=18368]
  0x00000197db8bfeb0 GCTaskThread "GC Thread#15" [stack: 0x0000001202700000,0x0000001202800000] [id=42988]
  0x00000197db8c0170 GCTaskThread "GC Thread#16" [stack: 0x0000001202800000,0x0000001202900000] [id=7660]
  0x00000197db8c09b0 GCTaskThread "GC Thread#17" [stack: 0x0000001202900000,0x0000001202a00000] [id=36488]
  0x00000197f531e1a0 ConcurrentGCThread "G1 Main Marker" [stack: 0x000000127f300000,0x000000127f400000] [id=34548]
  0x00000197f53774f0 ConcurrentGCThread "G1 Conc#0" [stack: 0x000000127f400000,0x000000127f500000] [id=33480]
  0x00000197db8bee30 ConcurrentGCThread "G1 Conc#1" [stack: 0x0000001202a00000,0x0000001202b00000] [id=19084]
  0x00000197db8bf0f0 ConcurrentGCThread "G1 Conc#2" [stack: 0x0000001202b00000,0x0000001202c00000] [id=43780]
  0x00000197de5b3860 ConcurrentGCThread "G1 Conc#3" [stack: 0x0000001202c00000,0x0000001202d00000] [id=33056]
  0x00000197de5b3b20 ConcurrentGCThread "G1 Conc#4" [stack: 0x0000001202d00000,0x0000001202e00000] [id=32940]
  0x00000197f53ce150 ConcurrentGCThread "G1 Refine#0" [stack: 0x000000127f500000,0x000000127f600000] [id=41032]
  0x00000197e11885c0 ConcurrentGCThread "G1 Refine#1" [stack: 0x0000001208500000,0x0000001208600000] [id=3716]
  0x00000197deaf58b0 ConcurrentGCThread "G1 Refine#2" [stack: 0x0000001208600000,0x0000001208700000] [id=4284]
  0x00000197f53cea90 ConcurrentGCThread "G1 Service" [stack: 0x000000127f600000,0x000000127f700000] [id=3728]

Threads with active compile tasks:
C2 CompilerThread0     7201 13262       4       org.gradle.internal.component.model.GraphVariantSelector::filterVariantsByRequestedCapabilities (170 bytes)
C2 CompilerThread1     7201 13263       4       org.gradle.api.internal.artifacts.ivyservice.resolveengine.graph.builder.DependencyState::getModuleIdentifier (34 bytes)
C2 CompilerThread2     7201 12966       4       org.gradle.cache.internal.btree.CachingBlockStore::read (56 bytes)
C2 CompilerThread3     7201 13261       4       org.gradle.internal.component.model.DefaultAttributeMatcher$CachedQuery::from (64 bytes)
C2 CompilerThread4     7201 13105       4       org.gradle.api.internal.artifacts.ivyservice.resolveengine.result.DesugaredAttributeContainerSerializer::read (155 bytes)

VM state: not at safepoint (normal execution)

VM Mutex/Monitor currently owned by a thread:  ([mutex/lock_event])
[0x00000197f52fe2d0] CompiledIC_lock - owner thread: 0x00000197ffcdcb50
[0x00000197f52fec60] MethodCompileQueue_lock - owner thread: 0x0000000000000000

Heap address: 0x0000000080000000, size: 2048 MB, Compressed Oops mode: 32-bit

CDS archive(s) mapped at: [0x0000019795000000-0x0000019795bd0000-0x0000019795bd0000), size 12386304, SharedBaseAddress: 0x0000019795000000, ArchiveRelocationMode: 1.
Compressed class space mapped at: 0x0000019796000000-0x00000197d6000000, reserved size: 1073741824
Narrow klass base: 0x0000019795000000, Narrow klass shift: 0, Narrow klass range: 0x100000000

GC Precious Log:
 CPUs: 24 total, 24 available
 Memory: 32559M
 Large Page Support: Disabled
 NUMA Support: Disabled
 Compressed Oops: Enabled (32-bit)
 Heap Region Size: 1M
 Heap Min Capacity: 8M
 Heap Initial Capacity: 510M
 Heap Max Capacity: 2G
 Pre-touch: Disabled
 Parallel Workers: 18
 Concurrent Workers: 5
 Concurrent Refinement Workers: 18
 Periodic GC: Disabled

Heap:
 garbage-first heap   total 564224K, used 168264K [0x0000000080000000, 0x0000000100000000)
  region size 1024K, 14 young (14336K), 3 survivors (3072K)
 Metaspace       used 110562K, committed 111552K, reserved 1179648K
  class space    used 14944K, committed 15424K, reserved 1048576K

Heap Regions: E=young(eden), S=young(survivor), O=old, HS=humongous(starts), HC=humongous(continues), CS=collection set, F=free, OA=open archive, CA=closed archive, TAMS=top-at-mark-start (previous, next)
|   0|0x0000000080000000, 0x0000000080100000, 0x0000000080100000|100%|HS|  |TAMS 0x0000000080100000, 0x0000000080000000| Complete 
|   1|0x0000000080100000, 0x0000000080200000, 0x0000000080200000|100%|HC|  |TAMS 0x0000000080200000, 0x0000000080100000| Complete 
|   2|0x0000000080200000, 0x0000000080300000, 0x0000000080300000|100%|HC|  |TAMS 0x0000000080300000, 0x0000000080200000| Complete 
|   3|0x0000000080300000, 0x0000000080400000, 0x0000000080400000|100%|HC|  |TAMS 0x0000000080400000, 0x0000000080300000| Complete 
|   4|0x0000000080400000, 0x0000000080500000, 0x0000000080500000|100%| O|  |TAMS 0x0000000080500000, 0x0000000080400000| Untracked 
|   5|0x0000000080500000, 0x0000000080600000, 0x0000000080600000|100%| O|  |TAMS 0x0000000080600000, 0x0000000080500000| Untracked 
|   6|0x0000000080600000, 0x0000000080700000, 0x0000000080700000|100%| O|  |TAMS 0x0000000080700000, 0x0000000080600000| Untracked 
|   7|0x0000000080700000, 0x0000000080800000, 0x0000000080800000|100%| O|  |TAMS 0x0000000080800000, 0x0000000080700000| Untracked 
|   8|0x0000000080800000, 0x0000000080900000, 0x0000000080900000|100%| O|  |TAMS 0x0000000080900000, 0x0000000080800000| Untracked 
|   9|0x0000000080900000, 0x0000000080a00000, 0x0000000080a00000|100%| O|  |TAMS 0x0000000080a00000, 0x0000000080900000| Untracked 
|  10|0x0000000080a00000, 0x0000000080b00000, 0x0000000080b00000|100%| O|  |TAMS 0x0000000080b00000, 0x0000000080a00000| Untracked 
|  11|0x0000000080b00000, 0x0000000080c00000, 0x0000000080c00000|100%|HS|  |TAMS 0x0000000080c00000, 0x0000000080b00000| Complete 
|  12|0x0000000080c00000, 0x0000000080d00000, 0x0000000080d00000|100%|HC|  |TAMS 0x0000000080d00000, 0x0000000080c00000| Complete 
|  13|0x0000000080d00000, 0x0000000080e00000, 0x0000000080e00000|100%|HC|  |TAMS 0x0000000080e00000, 0x0000000080d00000| Complete 
|  14|0x0000000080e00000, 0x0000000080f00000, 0x0000000080f00000|100%|HC|  |TAMS 0x0000000080f00000, 0x0000000080e00000| Complete 
|  15|0x0000000080f00000, 0x0000000081000000, 0x0000000081000000|100%|HC|  |TAMS 0x0000000081000000, 0x0000000080f00000| Complete 
|  16|0x0000000081000000, 0x0000000081100000, 0x0000000081100000|100%|HC|  |TAMS 0x0000000081100000, 0x0000000081000000| Complete 
|  17|0x0000000081100000, 0x0000000081200000, 0x0000000081200000|100%|HS|  |TAMS 0x0000000081200000, 0x0000000081100000| Complete 
|  18|0x0000000081200000, 0x0000000081300000, 0x0000000081300000|100%|HC|  |TAMS 0x0000000081300000, 0x0000000081200000| Complete 
|  19|0x0000000081300000, 0x0000000081400000, 0x0000000081400000|100%|HC|  |TAMS 0x0000000081400000, 0x0000000081300000| Complete 
|  20|0x0000000081400000, 0x0000000081500000, 0x0000000081500000|100%|HS|  |TAMS 0x0000000081500000, 0x0000000081400000| Complete 
|  21|0x0000000081500000, 0x0000000081600000, 0x0000000081600000|100%|HC|  |TAMS 0x0000000081600000, 0x0000000081500000| Complete 
|  22|0x0000000081600000, 0x0000000081700000, 0x0000000081700000|100%| O|  |TAMS 0x0000000081700000, 0x0000000081600000| Untracked 
|  23|0x0000000081700000, 0x0000000081800000, 0x0000000081800000|100%| O|  |TAMS 0x0000000081800000, 0x0000000081700000| Untracked 
|  24|0x0000000081800000, 0x0000000081900000, 0x0000000081900000|100%| O|  |TAMS 0x0000000081900000, 0x0000000081800000| Untracked 
|  25|0x0000000081900000, 0x0000000081900000, 0x0000000081a00000|  0%| F|  |TAMS 0x0000000081900000, 0x0000000081900000| Untracked 
|  26|0x0000000081a00000, 0x0000000081b00000, 0x0000000081b00000|100%|HS|  |TAMS 0x0000000081b00000, 0x0000000081a00000| Complete 
|  27|0x0000000081b00000, 0x0000000081c00000, 0x0000000081c00000|100%|HC|  |TAMS 0x0000000081c00000, 0x0000000081b00000| Complete 
|  28|0x0000000081c00000, 0x0000000081d00000, 0x0000000081d00000|100%|HS|  |TAMS 0x0000000081d00000, 0x0000000081c00000| Complete 
|  29|0x0000000081d00000, 0x0000000081e00000, 0x0000000081e00000|100%|HC|  |TAMS 0x0000000081e00000, 0x0000000081d00000| Complete 
|  30|0x0000000081e00000, 0x0000000081f00000, 0x0000000081f00000|100%|HC|  |TAMS 0x0000000081f00000, 0x0000000081e00000| Complete 
|  31|0x0000000081f00000, 0x0000000082000000, 0x0000000082000000|100%|HC|  |TAMS 0x0000000082000000, 0x0000000081f00000| Complete 
|  32|0x0000000082000000, 0x0000000082100000, 0x0000000082100000|100%|HC|  |TAMS 0x0000000082100000, 0x0000000082000000| Complete 
|  33|0x0000000082100000, 0x0000000082200000, 0x0000000082200000|100%|HC|  |TAMS 0x0000000082200000, 0x0000000082100000| Complete 
|  34|0x0000000082200000, 0x0000000082300000, 0x0000000082300000|100%| O|  |TAMS 0x0000000082300000, 0x0000000082200000| Untracked 
|  35|0x0000000082300000, 0x0000000082400000, 0x0000000082400000|100%| O|  |TAMS 0x0000000082400000, 0x0000000082300000| Untracked 
|  36|0x0000000082400000, 0x0000000082500000, 0x0000000082500000|100%| O|  |TAMS 0x0000000082500000, 0x0000000082400000| Untracked 
|  37|0x0000000082500000, 0x0000000082600000, 0x0000000082600000|100%| O|  |TAMS 0x0000000082600000, 0x0000000082500000| Untracked 
|  38|0x0000000082600000, 0x0000000082700000, 0x0000000082700000|100%| O|  |TAMS 0x0000000082700000, 0x0000000082600000| Untracked 
|  39|0x0000000082700000, 0x0000000082800000, 0x0000000082800000|100%| O|  |TAMS 0x0000000082800000, 0x0000000082700000| Untracked 
|  40|0x0000000082800000, 0x0000000082900000, 0x0000000082900000|100%| O|  |TAMS 0x0000000082900000, 0x0000000082800000| Untracked 
|  41|0x0000000082900000, 0x0000000082a00000, 0x0000000082a00000|100%| O|  |TAMS 0x0000000082a00000, 0x0000000082900000| Untracked 
|  42|0x0000000082a00000, 0x0000000082b00000, 0x0000000082b00000|100%| O|  |TAMS 0x0000000082b00000, 0x0000000082a00000| Untracked 
|  43|0x0000000082b00000, 0x0000000082c00000, 0x0000000082c00000|100%| O|  |TAMS 0x0000000082c00000, 0x0000000082b00000| Untracked 
|  44|0x0000000082c00000, 0x0000000082d00000, 0x0000000082d00000|100%| O|  |TAMS 0x0000000082d00000, 0x0000000082c00000| Untracked 
|  45|0x0000000082d00000, 0x0000000082e00000, 0x0000000082e00000|100%| O|  |TAMS 0x0000000082e00000, 0x0000000082d00000| Untracked 
|  46|0x0000000082e00000, 0x0000000082f00000, 0x0000000082f00000|100%| O|  |TAMS 0x0000000082f00000, 0x0000000082e00000| Untracked 
|  47|0x0000000082f00000, 0x0000000082fffff8, 0x0000000083000000| 99%| O|  |TAMS 0x0000000082fffff8, 0x0000000082f00000| Untracked 
|  48|0x0000000083000000, 0x0000000083100000, 0x0000000083100000|100%| O|  |TAMS 0x0000000083100000, 0x0000000083000000| Untracked 
|  49|0x0000000083100000, 0x0000000083200000, 0x0000000083200000|100%| O|  |TAMS 0x0000000083200000, 0x0000000083100000| Untracked 
|  50|0x0000000083200000, 0x0000000083300000, 0x0000000083300000|100%| O|  |TAMS 0x0000000083300000, 0x0000000083200000| Untracked 
|  51|0x0000000083300000, 0x0000000083400000, 0x0000000083400000|100%|HS|  |TAMS 0x0000000083400000, 0x0000000083300000| Complete 
|  52|0x0000000083400000, 0x0000000083500000, 0x0000000083500000|100%|HC|  |TAMS 0x0000000083500000, 0x0000000083400000| Complete 
|  53|0x0000000083500000, 0x0000000083600000, 0x0000000083600000|100%|HC|  |TAMS 0x0000000083600000, 0x0000000083500000| Complete 
|  54|0x0000000083600000, 0x0000000083700000, 0x0000000083700000|100%|HC|  |TAMS 0x0000000083700000, 0x0000000083600000| Complete 
|  55|0x0000000083700000, 0x0000000083800000, 0x0000000083800000|100%|HC|  |TAMS 0x0000000083800000, 0x0000000083700000| Complete 
|  56|0x0000000083800000, 0x0000000083900000, 0x0000000083900000|100%|HC|  |TAMS 0x0000000083900000, 0x0000000083800000| Complete 
|  57|0x0000000083900000, 0x0000000083a00000, 0x0000000083a00000|100%| O|  |TAMS 0x0000000083a00000, 0x0000000083900000| Untracked 
|  58|0x0000000083a00000, 0x0000000083b00000, 0x0000000083b00000|100%| O|  |TAMS 0x0000000083b00000, 0x0000000083a00000| Untracked 
|  59|0x0000000083b00000, 0x0000000083c00000, 0x0000000083c00000|100%|HS|  |TAMS 0x0000000083c00000, 0x0000000083b00000| Complete 
|  60|0x0000000083c00000, 0x0000000083d00000, 0x0000000083d00000|100%| O|  |TAMS 0x0000000083d00000, 0x0000000083c00000| Untracked 
|  61|0x0000000083d00000, 0x0000000083e00000, 0x0000000083e00000|100%|HS|  |TAMS 0x0000000083e00000, 0x0000000083d00000| Complete 
|  62|0x0000000083e00000, 0x0000000083f00000, 0x0000000083f00000|100%|HS|  |TAMS 0x0000000083f00000, 0x0000000083e00000| Complete 
|  63|0x0000000083f00000, 0x0000000084000000, 0x0000000084000000|100%|HC|  |TAMS 0x0000000084000000, 0x0000000083f00000| Complete 
|  64|0x0000000084000000, 0x0000000084100000, 0x0000000084100000|100%|HS|  |TAMS 0x0000000084100000, 0x0000000084000000| Complete 
|  65|0x0000000084100000, 0x0000000084200000, 0x0000000084200000|100%|HS|  |TAMS 0x0000000084200000, 0x0000000084100000| Complete 
|  66|0x0000000084200000, 0x0000000084300000, 0x0000000084300000|100%|HC|  |TAMS 0x0000000084300000, 0x0000000084200000| Complete 
|  67|0x0000000084300000, 0x0000000084400000, 0x0000000084400000|100%|HS|  |TAMS 0x0000000084400000, 0x0000000084300000| Complete 
|  68|0x0000000084400000, 0x0000000084500000, 0x0000000084500000|100%| O|  |TAMS 0x0000000084500000, 0x0000000084400000| Untracked 
|  69|0x0000000084500000, 0x0000000084600000, 0x0000000084600000|100%| O|  |TAMS 0x0000000084600000, 0x0000000084500000| Untracked 
|  70|0x0000000084600000, 0x0000000084700000, 0x0000000084700000|100%| O|  |TAMS 0x0000000084700000, 0x0000000084600000| Untracked 
|  71|0x0000000084700000, 0x0000000084800000, 0x0000000084800000|100%| O|  |TAMS 0x0000000084800000, 0x0000000084700000| Untracked 
|  72|0x0000000084800000, 0x0000000084900000, 0x0000000084900000|100%| O|  |TAMS 0x0000000084900000, 0x0000000084800000| Untracked 
|  73|0x0000000084900000, 0x0000000084a00000, 0x0000000084a00000|100%| O|  |TAMS 0x0000000084a00000, 0x0000000084900000| Untracked 
|  74|0x0000000084a00000, 0x0000000084b00000, 0x0000000084b00000|100%| O|  |TAMS 0x0000000084b00000, 0x0000000084a00000| Untracked 
|  75|0x0000000084b00000, 0x0000000084c00000, 0x0000000084c00000|100%| O|  |TAMS 0x0000000084c00000, 0x0000000084b00000| Untracked 
|  76|0x0000000084c00000, 0x0000000084d00000, 0x0000000084d00000|100%| O|  |TAMS 0x0000000084d00000, 0x0000000084c00000| Untracked 
|  77|0x0000000084d00000, 0x0000000084e00000, 0x0000000084e00000|100%| O|  |TAMS 0x0000000084e00000, 0x0000000084d00000| Untracked 
|  78|0x0000000084e00000, 0x0000000084f00000, 0x0000000084f00000|100%| O|  |TAMS 0x0000000084f00000, 0x0000000084e00000| Untracked 
|  79|0x0000000084f00000, 0x0000000085000000, 0x0000000085000000|100%| O|  |TAMS 0x0000000085000000, 0x0000000084f00000| Untracked 
|  80|0x0000000085000000, 0x0000000085100000, 0x0000000085100000|100%| O|  |TAMS 0x0000000085100000, 0x0000000085000000| Untracked 
|  81|0x0000000085100000, 0x0000000085200000, 0x0000000085200000|100%| O|  |TAMS 0x0000000085200000, 0x0000000085100000| Untracked 
|  82|0x0000000085200000, 0x0000000085300000, 0x0000000085300000|100%| O|  |TAMS 0x0000000085300000, 0x0000000085200000| Untracked 
|  83|0x0000000085300000, 0x0000000085400000, 0x0000000085400000|100%| O|  |TAMS 0x0000000085400000, 0x0000000085300000| Untracked 
|  84|0x0000000085400000, 0x0000000085500000, 0x0000000085500000|100%| O|  |TAMS 0x0000000085500000, 0x0000000085400000| Untracked 
|  85|0x0000000085500000, 0x0000000085600000, 0x0000000085600000|100%|HS|  |TAMS 0x0000000085600000, 0x0000000085500000| Complete 
|  86|0x0000000085600000, 0x0000000085700000, 0x0000000085700000|100%|HS|  |TAMS 0x0000000085700000, 0x0000000085600000| Complete 
|  87|0x0000000085700000, 0x0000000085800000, 0x0000000085800000|100%|HS|  |TAMS 0x0000000085800000, 0x0000000085700000| Complete 
|  88|0x0000000085800000, 0x0000000085900000, 0x0000000085900000|100%| O|  |TAMS 0x0000000085900000, 0x0000000085800000| Untracked 
|  89|0x0000000085900000, 0x0000000085a00000, 0x0000000085a00000|100%| O|  |TAMS 0x0000000085a00000, 0x0000000085900000| Untracked 
|  90|0x0000000085a00000, 0x0000000085b00000, 0x0000000085b00000|100%| O|  |TAMS 0x0000000085b00000, 0x0000000085a00000| Untracked 
|  91|0x0000000085b00000, 0x0000000085c00000, 0x0000000085c00000|100%| O|  |TAMS 0x0000000085c00000, 0x0000000085b00000| Untracked 
|  92|0x0000000085c00000, 0x0000000085d00000, 0x0000000085d00000|100%| O|  |TAMS 0x0000000085d00000, 0x0000000085c00000| Untracked 
|  93|0x0000000085d00000, 0x0000000085e00000, 0x0000000085e00000|100%| O|  |TAMS 0x0000000085e00000, 0x0000000085d00000| Untracked 
|  94|0x0000000085e00000, 0x0000000085f00000, 0x0000000085f00000|100%| O|  |TAMS 0x0000000085f00000, 0x0000000085e00000| Untracked 
|  95|0x0000000085f00000, 0x0000000086000000, 0x0000000086000000|100%|HS|  |TAMS 0x0000000086000000, 0x0000000085f00000| Complete 
|  96|0x0000000086000000, 0x0000000086100000, 0x0000000086100000|100%| O|  |TAMS 0x0000000086100000, 0x0000000086000000| Untracked 
|  97|0x0000000086100000, 0x0000000086200000, 0x0000000086200000|100%| O|  |TAMS 0x0000000086200000, 0x0000000086100000| Untracked 
|  98|0x0000000086200000, 0x0000000086300000, 0x0000000086300000|100%| O|  |TAMS 0x0000000086300000, 0x0000000086200000| Untracked 
|  99|0x0000000086300000, 0x0000000086400000, 0x0000000086400000|100%| O|  |TAMS 0x0000000086400000, 0x0000000086300000| Untracked 
| 100|0x0000000086400000, 0x0000000086500000, 0x0000000086500000|100%| O|  |TAMS 0x0000000086500000, 0x0000000086400000| Untracked 
| 101|0x0000000086500000, 0x0000000086600000, 0x0000000086600000|100%| O|  |TAMS 0x0000000086600000, 0x0000000086500000| Untracked 
| 102|0x0000000086600000, 0x0000000086700000, 0x0000000086700000|100%| O|  |TAMS 0x0000000086700000, 0x0000000086600000| Untracked 
| 103|0x0000000086700000, 0x0000000086800000, 0x0000000086800000|100%| O|  |TAMS 0x0000000086800000, 0x0000000086700000| Untracked 
| 104|0x0000000086800000, 0x0000000086900000, 0x0000000086900000|100%| O|  |TAMS 0x0000000086900000, 0x0000000086800000| Untracked 
| 105|0x0000000086900000, 0x0000000086a00000, 0x0000000086a00000|100%| O|  |TAMS 0x0000000086a00000, 0x0000000086900000| Untracked 
| 106|0x0000000086a00000, 0x0000000086b00000, 0x0000000086b00000|100%| O|  |TAMS 0x0000000086b00000, 0x0000000086a00000| Untracked 
| 107|0x0000000086b00000, 0x0000000086c00000, 0x0000000086c00000|100%| O|  |TAMS 0x0000000086c00000, 0x0000000086b00000| Untracked 
| 108|0x0000000086c00000, 0x0000000086d00000, 0x0000000086d00000|100%| O|  |TAMS 0x0000000086d00000, 0x0000000086c00000| Untracked 
| 109|0x0000000086d00000, 0x0000000086e00000, 0x0000000086e00000|100%| O|  |TAMS 0x0000000086e00000, 0x0000000086d00000| Untracked 
| 110|0x0000000086e00000, 0x0000000086f00000, 0x0000000086f00000|100%| O|  |TAMS 0x0000000086f00000, 0x0000000086e00000| Untracked 
| 111|0x0000000086f00000, 0x0000000087000000, 0x0000000087000000|100%| O|  |TAMS 0x0000000087000000, 0x0000000086f00000| Untracked 
| 112|0x0000000087000000, 0x0000000087100000, 0x0000000087100000|100%| O|  |TAMS 0x0000000087100000, 0x0000000087000000| Untracked 
| 113|0x0000000087100000, 0x0000000087200000, 0x0000000087200000|100%| O|  |TAMS 0x0000000087200000, 0x0000000087100000| Untracked 
| 114|0x0000000087200000, 0x0000000087300000, 0x0000000087300000|100%| O|  |TAMS 0x0000000087300000, 0x0000000087200000| Untracked 
| 115|0x0000000087300000, 0x0000000087400000, 0x0000000087400000|100%| O|  |TAMS 0x0000000087400000, 0x0000000087300000| Untracked 
| 116|0x0000000087400000, 0x0000000087500000, 0x0000000087500000|100%|HS|  |TAMS 0x0000000087500000, 0x0000000087400000| Complete 
| 117|0x0000000087500000, 0x0000000087600000, 0x0000000087600000|100%|HC|  |TAMS 0x0000000087600000, 0x0000000087500000| Complete 
| 118|0x0000000087600000, 0x0000000087700000, 0x0000000087700000|100%|HS|  |TAMS 0x0000000087700000, 0x0000000087600000| Complete 
| 119|0x0000000087700000, 0x0000000087800000, 0x0000000087800000|100%|HC|  |TAMS 0x0000000087800000, 0x0000000087700000| Complete 
| 120|0x0000000087800000, 0x0000000087900000, 0x0000000087900000|100%| O|  |TAMS 0x0000000087900000, 0x0000000087800000| Untracked 
| 121|0x0000000087900000, 0x0000000087a00000, 0x0000000087a00000|100%| O|  |TAMS 0x0000000087a00000, 0x0000000087900000| Untracked 
| 122|0x0000000087a00000, 0x0000000087b00000, 0x0000000087b00000|100%| O|  |TAMS 0x0000000087b00000, 0x0000000087a00000| Untracked 
| 123|0x0000000087b00000, 0x0000000087c00000, 0x0000000087c00000|100%| O|  |TAMS 0x0000000087c00000, 0x0000000087b00000| Untracked 
| 124|0x0000000087c00000, 0x0000000087d00000, 0x0000000087d00000|100%| O|  |TAMS 0x0000000087d00000, 0x0000000087c00000| Untracked 
| 125|0x0000000087d00000, 0x0000000087e00000, 0x0000000087e00000|100%|HS|  |TAMS 0x0000000087e00000, 0x0000000087d00000| Complete 
| 126|0x0000000087e00000, 0x0000000087f00000, 0x0000000087f00000|100%|HC|  |TAMS 0x0000000087f00000, 0x0000000087e00000| Complete 
| 127|0x0000000087f00000, 0x0000000088000000, 0x0000000088000000|100%|HC|  |TAMS 0x0000000088000000, 0x0000000087f00000| Complete 
| 128|0x0000000088000000, 0x0000000088100000, 0x0000000088100000|100%|HC|  |TAMS 0x0000000088100000, 0x0000000088000000| Complete 
| 129|0x0000000088100000, 0x0000000088200000, 0x0000000088200000|100%|HC|  |TAMS 0x0000000088200000, 0x0000000088100000| Complete 
| 130|0x0000000088200000, 0x0000000088300000, 0x0000000088300000|100%|HC|  |TAMS 0x0000000088300000, 0x0000000088200000| Complete 
| 131|0x0000000088300000, 0x0000000088400000, 0x0000000088400000|100%|HS|  |TAMS 0x0000000088400000, 0x0000000088300000| Complete 
| 132|0x0000000088400000, 0x0000000088500000, 0x0000000088500000|100%|HC|  |TAMS 0x0000000088500000, 0x0000000088400000| Complete 
| 133|0x0000000088500000, 0x0000000088600000, 0x0000000088600000|100%|HC|  |TAMS 0x0000000088600000, 0x0000000088500000| Complete 
| 134|0x0000000088600000, 0x0000000088700000, 0x0000000088700000|100%|HS|  |TAMS 0x0000000088700000, 0x0000000088600000| Complete 
| 135|0x0000000088700000, 0x0000000088800000, 0x0000000088800000|100%| O|  |TAMS 0x0000000088800000, 0x0000000088700000| Untracked 
| 136|0x0000000088800000, 0x0000000088900000, 0x0000000088900000|100%| O|  |TAMS 0x0000000088900000, 0x0000000088800000| Untracked 
| 137|0x0000000088900000, 0x0000000088a00000, 0x0000000088a00000|100%| O|  |TAMS 0x0000000088a00000, 0x0000000088900000| Untracked 
| 138|0x0000000088a00000, 0x0000000088b00000, 0x0000000088b00000|100%| O|  |TAMS 0x0000000088b00000, 0x0000000088a00000| Untracked 
| 139|0x0000000088b00000, 0x0000000088c00000, 0x0000000088c00000|100%| O|  |TAMS 0x0000000088c00000, 0x0000000088b00000| Untracked 
| 140|0x0000000088c00000, 0x0000000088d00000, 0x0000000088d00000|100%| O|  |TAMS 0x0000000088d00000, 0x0000000088c00000| Untracked 
| 141|0x0000000088d00000, 0x0000000088e00000, 0x0000000088e00000|100%| O|  |TAMS 0x0000000088d77c00, 0x0000000088d00000| Untracked 
| 142|0x0000000088e00000, 0x0000000088f00000, 0x0000000088f00000|100%|HS|  |TAMS 0x0000000088f00000, 0x0000000088e00000| Complete 
| 143|0x0000000088f00000, 0x0000000089000000, 0x0000000089000000|100%| O|  |TAMS 0x0000000088f00000, 0x0000000088f00000| Untracked 
| 144|0x0000000089000000, 0x0000000089100000, 0x0000000089100000|100%| O|  |TAMS 0x0000000089000000, 0x0000000089000000| Untracked 
| 145|0x0000000089100000, 0x0000000089200000, 0x0000000089200000|100%| O|  |TAMS 0x0000000089100000, 0x0000000089100000| Untracked 
| 146|0x0000000089200000, 0x0000000089300000, 0x0000000089300000|100%| O|  |TAMS 0x0000000089200000, 0x0000000089200000| Untracked 
| 147|0x0000000089300000, 0x0000000089400000, 0x0000000089400000|100%| O|  |TAMS 0x0000000089300000, 0x0000000089300000| Untracked 
| 148|0x0000000089400000, 0x0000000089500000, 0x0000000089500000|100%| O|  |TAMS 0x0000000089400000, 0x0000000089400000| Untracked 
| 149|0x0000000089500000, 0x0000000089600000, 0x0000000089600000|100%| O|  |TAMS 0x0000000089500000, 0x0000000089500000| Untracked 
| 150|0x0000000089600000, 0x0000000089700000, 0x0000000089700000|100%| O|  |TAMS 0x0000000089600000, 0x0000000089600000| Untracked 
| 151|0x0000000089700000, 0x0000000089800000, 0x0000000089800000|100%| O|  |TAMS 0x0000000089700000, 0x0000000089700000| Untracked 
| 152|0x0000000089800000, 0x0000000089900000, 0x0000000089900000|100%| O|  |TAMS 0x0000000089800000, 0x0000000089800000| Untracked 
| 153|0x0000000089900000, 0x0000000089900000, 0x0000000089a00000|  0%| F|  |TAMS 0x0000000089900000, 0x0000000089900000| Untracked 
| 154|0x0000000089a00000, 0x0000000089a00000, 0x0000000089b00000|  0%| F|  |TAMS 0x0000000089a00000, 0x0000000089a00000| Untracked 
| 155|0x0000000089b00000, 0x0000000089b00000, 0x0000000089c00000|  0%| F|  |TAMS 0x0000000089b00000, 0x0000000089b00000| Untracked 
| 156|0x0000000089c00000, 0x0000000089c00000, 0x0000000089d00000|  0%| F|  |TAMS 0x0000000089c00000, 0x0000000089c00000| Untracked 
| 157|0x0000000089d00000, 0x0000000089d00000, 0x0000000089e00000|  0%| F|  |TAMS 0x0000000089d00000, 0x0000000089d00000| Untracked 
| 158|0x0000000089e00000, 0x0000000089e00000, 0x0000000089f00000|  0%| F|  |TAMS 0x0000000089e00000, 0x0000000089e00000| Untracked 
| 159|0x0000000089f00000, 0x0000000089f00000, 0x000000008a000000|  0%| F|  |TAMS 0x0000000089f00000, 0x0000000089f00000| Untracked 
| 160|0x000000008a000000, 0x000000008a000000, 0x000000008a100000|  0%| F|  |TAMS 0x000000008a000000, 0x000000008a000000| Untracked 
| 161|0x000000008a100000, 0x000000008a100000, 0x000000008a200000|  0%| F|  |TAMS 0x000000008a100000, 0x000000008a100000| Untracked 
| 162|0x000000008a200000, 0x000000008a200000, 0x000000008a300000|  0%| F|  |TAMS 0x000000008a200000, 0x000000008a200000| Untracked 
| 163|0x000000008a300000, 0x000000008a300000, 0x000000008a400000|  0%| F|  |TAMS 0x000000008a300000, 0x000000008a300000| Untracked 
| 164|0x000000008a400000, 0x000000008a400000, 0x000000008a500000|  0%| F|  |TAMS 0x000000008a400000, 0x000000008a400000| Untracked 
| 165|0x000000008a500000, 0x000000008a500000, 0x000000008a600000|  0%| F|  |TAMS 0x000000008a500000, 0x000000008a500000| Untracked 
| 166|0x000000008a600000, 0x000000008a600000, 0x000000008a700000|  0%| F|  |TAMS 0x000000008a600000, 0x000000008a600000| Untracked 
| 167|0x000000008a700000, 0x000000008a700000, 0x000000008a800000|  0%| F|  |TAMS 0x000000008a700000, 0x000000008a700000| Untracked 
| 168|0x000000008a800000, 0x000000008a800000, 0x000000008a900000|  0%| F|  |TAMS 0x000000008a800000, 0x000000008a800000| Untracked 
| 169|0x000000008a900000, 0x000000008a900000, 0x000000008aa00000|  0%| F|  |TAMS 0x000000008a900000, 0x000000008a900000| Untracked 
| 170|0x000000008aa00000, 0x000000008aa00000, 0x000000008ab00000|  0%| F|  |TAMS 0x000000008aa00000, 0x000000008aa00000| Untracked 
| 171|0x000000008ab00000, 0x000000008ab00000, 0x000000008ac00000|  0%| F|  |TAMS 0x000000008ab00000, 0x000000008ab00000| Untracked 
| 172|0x000000008ac00000, 0x000000008ac00000, 0x000000008ad00000|  0%| F|  |TAMS 0x000000008ac00000, 0x000000008ac00000| Untracked 
| 173|0x000000008ad00000, 0x000000008ad00000, 0x000000008ae00000|  0%| F|  |TAMS 0x000000008ad00000, 0x000000008ad00000| Untracked 
| 174|0x000000008ae00000, 0x000000008ae00000, 0x000000008af00000|  0%| F|  |TAMS 0x000000008ae00000, 0x000000008ae00000| Untracked 
| 175|0x000000008af00000, 0x000000008af00000, 0x000000008b000000|  0%| F|  |TAMS 0x000000008af00000, 0x000000008af00000| Untracked 
| 176|0x000000008b000000, 0x000000008b000000, 0x000000008b100000|  0%| F|  |TAMS 0x000000008b000000, 0x000000008b000000| Untracked 
| 177|0x000000008b100000, 0x000000008b100000, 0x000000008b200000|  0%| F|  |TAMS 0x000000008b100000, 0x000000008b100000| Untracked 
| 178|0x000000008b200000, 0x000000008b200000, 0x000000008b300000|  0%| F|  |TAMS 0x000000008b200000, 0x000000008b200000| Untracked 
| 179|0x000000008b300000, 0x000000008b300000, 0x000000008b400000|  0%| F|  |TAMS 0x000000008b300000, 0x000000008b300000| Untracked 
| 180|0x000000008b400000, 0x000000008b400000, 0x000000008b500000|  0%| F|  |TAMS 0x000000008b400000, 0x000000008b400000| Untracked 
| 181|0x000000008b500000, 0x000000008b500000, 0x000000008b600000|  0%| F|  |TAMS 0x000000008b500000, 0x000000008b500000| Untracked 
| 182|0x000000008b600000, 0x000000008b600000, 0x000000008b700000|  0%| F|  |TAMS 0x000000008b600000, 0x000000008b600000| Untracked 
| 183|0x000000008b700000, 0x000000008b700000, 0x000000008b800000|  0%| F|  |TAMS 0x000000008b700000, 0x000000008b700000| Untracked 
| 184|0x000000008b800000, 0x000000008b800000, 0x000000008b900000|  0%| F|  |TAMS 0x000000008b800000, 0x000000008b800000| Untracked 
| 185|0x000000008b900000, 0x000000008b900000, 0x000000008ba00000|  0%| F|  |TAMS 0x000000008b900000, 0x000000008b900000| Untracked 
| 186|0x000000008ba00000, 0x000000008ba00000, 0x000000008bb00000|  0%| F|  |TAMS 0x000000008ba00000, 0x000000008ba00000| Untracked 
| 187|0x000000008bb00000, 0x000000008bb00000, 0x000000008bc00000|  0%| F|  |TAMS 0x000000008bb00000, 0x000000008bb00000| Untracked 
| 188|0x000000008bc00000, 0x000000008bc00000, 0x000000008bd00000|  0%| F|  |TAMS 0x000000008bc00000, 0x000000008bc00000| Untracked 
| 189|0x000000008bd00000, 0x000000008bd00000, 0x000000008be00000|  0%| F|  |TAMS 0x000000008bd00000, 0x000000008bd00000| Untracked 
| 190|0x000000008be00000, 0x000000008be00000, 0x000000008bf00000|  0%| F|  |TAMS 0x000000008be00000, 0x000000008be00000| Untracked 
| 191|0x000000008bf00000, 0x000000008bf00000, 0x000000008c000000|  0%| F|  |TAMS 0x000000008bf00000, 0x000000008bf00000| Untracked 
| 192|0x000000008c000000, 0x000000008c000000, 0x000000008c100000|  0%| F|  |TAMS 0x000000008c000000, 0x000000008c000000| Untracked 
| 193|0x000000008c100000, 0x000000008c100000, 0x000000008c200000|  0%| F|  |TAMS 0x000000008c100000, 0x000000008c100000| Untracked 
| 194|0x000000008c200000, 0x000000008c200000, 0x000000008c300000|  0%| F|  |TAMS 0x000000008c200000, 0x000000008c200000| Untracked 
| 195|0x000000008c300000, 0x000000008c300000, 0x000000008c400000|  0%| F|  |TAMS 0x000000008c300000, 0x000000008c300000| Untracked 
| 196|0x000000008c400000, 0x000000008c400000, 0x000000008c500000|  0%| F|  |TAMS 0x000000008c400000, 0x000000008c400000| Untracked 
| 197|0x000000008c500000, 0x000000008c500000, 0x000000008c600000|  0%| F|  |TAMS 0x000000008c500000, 0x000000008c500000| Untracked 
| 198|0x000000008c600000, 0x000000008c600000, 0x000000008c700000|  0%| F|  |TAMS 0x000000008c600000, 0x000000008c600000| Untracked 
| 199|0x000000008c700000, 0x000000008c700000, 0x000000008c800000|  0%| F|  |TAMS 0x000000008c700000, 0x000000008c700000| Untracked 
| 200|0x000000008c800000, 0x000000008c800000, 0x000000008c900000|  0%| F|  |TAMS 0x000000008c800000, 0x000000008c800000| Untracked 
| 201|0x000000008c900000, 0x000000008c900000, 0x000000008ca00000|  0%| F|  |TAMS 0x000000008c900000, 0x000000008c900000| Untracked 
| 202|0x000000008ca00000, 0x000000008ca00000, 0x000000008cb00000|  0%| F|  |TAMS 0x000000008ca00000, 0x000000008ca00000| Untracked 
| 203|0x000000008cb00000, 0x000000008cb00000, 0x000000008cc00000|  0%| F|  |TAMS 0x000000008cb00000, 0x000000008cb00000| Untracked 
| 204|0x000000008cc00000, 0x000000008cc00000, 0x000000008cd00000|  0%| F|  |TAMS 0x000000008cc00000, 0x000000008cc00000| Untracked 
| 205|0x000000008cd00000, 0x000000008cd00000, 0x000000008ce00000|  0%| F|  |TAMS 0x000000008cd00000, 0x000000008cd00000| Untracked 
| 206|0x000000008ce00000, 0x000000008ce00000, 0x000000008cf00000|  0%| F|  |TAMS 0x000000008ce00000, 0x000000008ce00000| Untracked 
| 207|0x000000008cf00000, 0x000000008cf00000, 0x000000008d000000|  0%| F|  |TAMS 0x000000008cf00000, 0x000000008cf00000| Untracked 
| 208|0x000000008d000000, 0x000000008d000000, 0x000000008d100000|  0%| F|  |TAMS 0x000000008d000000, 0x000000008d000000| Untracked 
| 209|0x000000008d100000, 0x000000008d100000, 0x000000008d200000|  0%| F|  |TAMS 0x000000008d100000, 0x000000008d100000| Untracked 
| 210|0x000000008d200000, 0x000000008d200000, 0x000000008d300000|  0%| F|  |TAMS 0x000000008d200000, 0x000000008d200000| Untracked 
| 211|0x000000008d300000, 0x000000008d300000, 0x000000008d400000|  0%| F|  |TAMS 0x000000008d300000, 0x000000008d300000| Untracked 
| 212|0x000000008d400000, 0x000000008d400000, 0x000000008d500000|  0%| F|  |TAMS 0x000000008d400000, 0x000000008d400000| Untracked 
| 213|0x000000008d500000, 0x000000008d500000, 0x000000008d600000|  0%| F|  |TAMS 0x000000008d500000, 0x000000008d500000| Untracked 
| 214|0x000000008d600000, 0x000000008d600000, 0x000000008d700000|  0%| F|  |TAMS 0x000000008d600000, 0x000000008d600000| Untracked 
| 215|0x000000008d700000, 0x000000008d700000, 0x000000008d800000|  0%| F|  |TAMS 0x000000008d700000, 0x000000008d700000| Untracked 
| 216|0x000000008d800000, 0x000000008d800000, 0x000000008d900000|  0%| F|  |TAMS 0x000000008d800000, 0x000000008d800000| Untracked 
| 217|0x000000008d900000, 0x000000008d900000, 0x000000008da00000|  0%| F|  |TAMS 0x000000008d900000, 0x000000008d900000| Untracked 
| 218|0x000000008da00000, 0x000000008da00000, 0x000000008db00000|  0%| F|  |TAMS 0x000000008da00000, 0x000000008da00000| Untracked 
| 219|0x000000008db00000, 0x000000008db00000, 0x000000008dc00000|  0%| F|  |TAMS 0x000000008db00000, 0x000000008db00000| Untracked 
| 220|0x000000008dc00000, 0x000000008dc00000, 0x000000008dd00000|  0%| F|  |TAMS 0x000000008dc00000, 0x000000008dc00000| Untracked 
| 221|0x000000008dd00000, 0x000000008dd00000, 0x000000008de00000|  0%| F|  |TAMS 0x000000008dd00000, 0x000000008dd00000| Untracked 
| 222|0x000000008de00000, 0x000000008de00000, 0x000000008df00000|  0%| F|  |TAMS 0x000000008de00000, 0x000000008de00000| Untracked 
| 223|0x000000008df00000, 0x000000008df00000, 0x000000008e000000|  0%| F|  |TAMS 0x000000008df00000, 0x000000008df00000| Untracked 
| 224|0x000000008e000000, 0x000000008e000000, 0x000000008e100000|  0%| F|  |TAMS 0x000000008e000000, 0x000000008e000000| Untracked 
| 225|0x000000008e100000, 0x000000008e100000, 0x000000008e200000|  0%| F|  |TAMS 0x000000008e100000, 0x000000008e100000| Untracked 
| 226|0x000000008e200000, 0x000000008e200000, 0x000000008e300000|  0%| F|  |TAMS 0x000000008e200000, 0x000000008e200000| Untracked 
| 227|0x000000008e300000, 0x000000008e300000, 0x000000008e400000|  0%| F|  |TAMS 0x000000008e300000, 0x000000008e300000| Untracked 
| 228|0x000000008e400000, 0x000000008e400000, 0x000000008e500000|  0%| F|  |TAMS 0x000000008e400000, 0x000000008e400000| Untracked 
| 229|0x000000008e500000, 0x000000008e500000, 0x000000008e600000|  0%| F|  |TAMS 0x000000008e500000, 0x000000008e500000| Untracked 
| 230|0x000000008e600000, 0x000000008e600000, 0x000000008e700000|  0%| F|  |TAMS 0x000000008e600000, 0x000000008e600000| Untracked 
| 231|0x000000008e700000, 0x000000008e700000, 0x000000008e800000|  0%| F|  |TAMS 0x000000008e700000, 0x000000008e700000| Untracked 
| 232|0x000000008e800000, 0x000000008e800000, 0x000000008e900000|  0%| F|  |TAMS 0x000000008e800000, 0x000000008e800000| Untracked 
| 233|0x000000008e900000, 0x000000008e900000, 0x000000008ea00000|  0%| F|  |TAMS 0x000000008e900000, 0x000000008e900000| Untracked 
| 234|0x000000008ea00000, 0x000000008ea00000, 0x000000008eb00000|  0%| F|  |TAMS 0x000000008ea00000, 0x000000008ea00000| Untracked 
| 235|0x000000008eb00000, 0x000000008eb00000, 0x000000008ec00000|  0%| F|  |TAMS 0x000000008eb00000, 0x000000008eb00000| Untracked 
| 236|0x000000008ec00000, 0x000000008ec00000, 0x000000008ed00000|  0%| F|  |TAMS 0x000000008ec00000, 0x000000008ec00000| Untracked 
| 237|0x000000008ed00000, 0x000000008ed00000, 0x000000008ee00000|  0%| F|  |TAMS 0x000000008ed00000, 0x000000008ed00000| Untracked 
| 238|0x000000008ee00000, 0x000000008ee00000, 0x000000008ef00000|  0%| F|  |TAMS 0x000000008ee00000, 0x000000008ee00000| Untracked 
| 239|0x000000008ef00000, 0x000000008ef00000, 0x000000008f000000|  0%| F|  |TAMS 0x000000008ef00000, 0x000000008ef00000| Untracked 
| 240|0x000000008f000000, 0x000000008f000000, 0x000000008f100000|  0%| F|  |TAMS 0x000000008f000000, 0x000000008f000000| Untracked 
| 241|0x000000008f100000, 0x000000008f100000, 0x000000008f200000|  0%| F|  |TAMS 0x000000008f100000, 0x000000008f100000| Untracked 
| 242|0x000000008f200000, 0x000000008f200000, 0x000000008f300000|  0%| F|  |TAMS 0x000000008f200000, 0x000000008f200000| Untracked 
| 243|0x000000008f300000, 0x000000008f300000, 0x000000008f400000|  0%| F|  |TAMS 0x000000008f300000, 0x000000008f300000| Untracked 
| 244|0x000000008f400000, 0x000000008f400000, 0x000000008f500000|  0%| F|  |TAMS 0x000000008f400000, 0x000000008f400000| Untracked 
| 245|0x000000008f500000, 0x000000008f500000, 0x000000008f600000|  0%| F|  |TAMS 0x000000008f500000, 0x000000008f500000| Untracked 
| 246|0x000000008f600000, 0x000000008f600000, 0x000000008f700000|  0%| F|  |TAMS 0x000000008f600000, 0x000000008f600000| Untracked 
| 247|0x000000008f700000, 0x000000008f700000, 0x000000008f800000|  0%| F|  |TAMS 0x000000008f700000, 0x000000008f700000| Untracked 
| 248|0x000000008f800000, 0x000000008f800000, 0x000000008f900000|  0%| F|  |TAMS 0x000000008f800000, 0x000000008f800000| Untracked 
| 249|0x000000008f900000, 0x000000008f900000, 0x000000008fa00000|  0%| F|  |TAMS 0x000000008f900000, 0x000000008f900000| Untracked 
| 250|0x000000008fa00000, 0x000000008fa00000, 0x000000008fb00000|  0%| F|  |TAMS 0x000000008fa00000, 0x000000008fa00000| Untracked 
| 251|0x000000008fb00000, 0x000000008fb00000, 0x000000008fc00000|  0%| F|  |TAMS 0x000000008fb00000, 0x000000008fb00000| Untracked 
| 252|0x000000008fc00000, 0x000000008fc00000, 0x000000008fd00000|  0%| F|  |TAMS 0x000000008fc00000, 0x000000008fc00000| Untracked 
| 253|0x000000008fd00000, 0x000000008fd00000, 0x000000008fe00000|  0%| F|  |TAMS 0x000000008fd00000, 0x000000008fd00000| Untracked 
| 254|0x000000008fe00000, 0x000000008fe00000, 0x000000008ff00000|  0%| F|  |TAMS 0x000000008fe00000, 0x000000008fe00000| Untracked 
| 255|0x000000008ff00000, 0x000000008ff00000, 0x0000000090000000|  0%| F|  |TAMS 0x000000008ff00000, 0x000000008ff00000| Untracked 
| 256|0x0000000090000000, 0x0000000090000000, 0x0000000090100000|  0%| F|  |TAMS 0x0000000090000000, 0x0000000090000000| Untracked 
| 257|0x0000000090100000, 0x0000000090100000, 0x0000000090200000|  0%| F|  |TAMS 0x0000000090100000, 0x0000000090100000| Untracked 
| 258|0x0000000090200000, 0x0000000090200000, 0x0000000090300000|  0%| F|  |TAMS 0x0000000090200000, 0x0000000090200000| Untracked 
| 259|0x0000000090300000, 0x0000000090300000, 0x0000000090400000|  0%| F|  |TAMS 0x0000000090300000, 0x0000000090300000| Untracked 
| 260|0x0000000090400000, 0x0000000090400000, 0x0000000090500000|  0%| F|  |TAMS 0x0000000090400000, 0x0000000090400000| Untracked 
| 261|0x0000000090500000, 0x0000000090500000, 0x0000000090600000|  0%| F|  |TAMS 0x0000000090500000, 0x0000000090500000| Untracked 
| 262|0x0000000090600000, 0x0000000090600000, 0x0000000090700000|  0%| F|  |TAMS 0x0000000090600000, 0x0000000090600000| Untracked 
| 263|0x0000000090700000, 0x0000000090700000, 0x0000000090800000|  0%| F|  |TAMS 0x0000000090700000, 0x0000000090700000| Untracked 
| 264|0x0000000090800000, 0x0000000090800000, 0x0000000090900000|  0%| F|  |TAMS 0x0000000090800000, 0x0000000090800000| Untracked 
| 265|0x0000000090900000, 0x0000000090900000, 0x0000000090a00000|  0%| F|  |TAMS 0x0000000090900000, 0x0000000090900000| Untracked 
| 266|0x0000000090a00000, 0x0000000090a00000, 0x0000000090b00000|  0%| F|  |TAMS 0x0000000090a00000, 0x0000000090a00000| Untracked 
| 267|0x0000000090b00000, 0x0000000090b00000, 0x0000000090c00000|  0%| F|  |TAMS 0x0000000090b00000, 0x0000000090b00000| Untracked 
| 268|0x0000000090c00000, 0x0000000090c00000, 0x0000000090d00000|  0%| F|  |TAMS 0x0000000090c00000, 0x0000000090c00000| Untracked 
| 269|0x0000000090d00000, 0x0000000090d00000, 0x0000000090e00000|  0%| F|  |TAMS 0x0000000090d00000, 0x0000000090d00000| Untracked 
| 270|0x0000000090e00000, 0x0000000090e00000, 0x0000000090f00000|  0%| F|  |TAMS 0x0000000090e00000, 0x0000000090e00000| Untracked 
| 271|0x0000000090f00000, 0x0000000090f00000, 0x0000000091000000|  0%| F|  |TAMS 0x0000000090f00000, 0x0000000090f00000| Untracked 
| 272|0x0000000091000000, 0x0000000091000000, 0x0000000091100000|  0%| F|  |TAMS 0x0000000091000000, 0x0000000091000000| Untracked 
| 273|0x0000000091100000, 0x0000000091100000, 0x0000000091200000|  0%| F|  |TAMS 0x0000000091100000, 0x0000000091100000| Untracked 
| 274|0x0000000091200000, 0x0000000091200000, 0x0000000091300000|  0%| F|  |TAMS 0x0000000091200000, 0x0000000091200000| Untracked 
| 275|0x0000000091300000, 0x0000000091300000, 0x0000000091400000|  0%| F|  |TAMS 0x0000000091300000, 0x0000000091300000| Untracked 
| 276|0x0000000091400000, 0x0000000091400000, 0x0000000091500000|  0%| F|  |TAMS 0x0000000091400000, 0x0000000091400000| Untracked 
| 277|0x0000000091500000, 0x0000000091500000, 0x0000000091600000|  0%| F|  |TAMS 0x0000000091500000, 0x0000000091500000| Untracked 
| 278|0x0000000091600000, 0x0000000091600000, 0x0000000091700000|  0%| F|  |TAMS 0x0000000091600000, 0x0000000091600000| Untracked 
| 279|0x0000000091700000, 0x0000000091700000, 0x0000000091800000|  0%| F|  |TAMS 0x0000000091700000, 0x0000000091700000| Untracked 
| 280|0x0000000091800000, 0x0000000091800000, 0x0000000091900000|  0%| F|  |TAMS 0x0000000091800000, 0x0000000091800000| Untracked 
| 281|0x0000000091900000, 0x0000000091900000, 0x0000000091a00000|  0%| F|  |TAMS 0x0000000091900000, 0x0000000091900000| Untracked 
| 282|0x0000000091a00000, 0x0000000091a00000, 0x0000000091b00000|  0%| F|  |TAMS 0x0000000091a00000, 0x0000000091a00000| Untracked 
| 283|0x0000000091b00000, 0x0000000091b00000, 0x0000000091c00000|  0%| F|  |TAMS 0x0000000091b00000, 0x0000000091b00000| Untracked 
| 284|0x0000000091c00000, 0x0000000091c00000, 0x0000000091d00000|  0%| F|  |TAMS 0x0000000091c00000, 0x0000000091c00000| Untracked 
| 285|0x0000000091d00000, 0x0000000091d00000, 0x0000000091e00000|  0%| F|  |TAMS 0x0000000091d00000, 0x0000000091d00000| Untracked 
| 286|0x0000000091e00000, 0x0000000091e00000, 0x0000000091f00000|  0%| F|  |TAMS 0x0000000091e00000, 0x0000000091e00000| Untracked 
| 287|0x0000000091f00000, 0x0000000091f00000, 0x0000000092000000|  0%| F|  |TAMS 0x0000000091f00000, 0x0000000091f00000| Untracked 
| 288|0x0000000092000000, 0x0000000092000000, 0x0000000092100000|  0%| F|  |TAMS 0x0000000092000000, 0x0000000092000000| Untracked 
| 289|0x0000000092100000, 0x0000000092100000, 0x0000000092200000|  0%| F|  |TAMS 0x0000000092100000, 0x0000000092100000| Untracked 
| 290|0x0000000092200000, 0x0000000092200000, 0x0000000092300000|  0%| F|  |TAMS 0x0000000092200000, 0x0000000092200000| Untracked 
| 291|0x0000000092300000, 0x0000000092300000, 0x0000000092400000|  0%| F|  |TAMS 0x0000000092300000, 0x0000000092300000| Untracked 
| 292|0x0000000092400000, 0x0000000092400000, 0x0000000092500000|  0%| F|  |TAMS 0x0000000092400000, 0x0000000092400000| Untracked 
| 293|0x0000000092500000, 0x0000000092500000, 0x0000000092600000|  0%| F|  |TAMS 0x0000000092500000, 0x0000000092500000| Untracked 
| 294|0x0000000092600000, 0x0000000092600000, 0x0000000092700000|  0%| F|  |TAMS 0x0000000092600000, 0x0000000092600000| Untracked 
| 295|0x0000000092700000, 0x0000000092700000, 0x0000000092800000|  0%| F|  |TAMS 0x0000000092700000, 0x0000000092700000| Untracked 
| 296|0x0000000092800000, 0x0000000092800000, 0x0000000092900000|  0%| F|  |TAMS 0x0000000092800000, 0x0000000092800000| Untracked 
| 297|0x0000000092900000, 0x0000000092900000, 0x0000000092a00000|  0%| F|  |TAMS 0x0000000092900000, 0x0000000092900000| Untracked 
| 298|0x0000000092a00000, 0x0000000092a00000, 0x0000000092b00000|  0%| F|  |TAMS 0x0000000092a00000, 0x0000000092a00000| Untracked 
| 299|0x0000000092b00000, 0x0000000092b00000, 0x0000000092c00000|  0%| F|  |TAMS 0x0000000092b00000, 0x0000000092b00000| Untracked 
| 300|0x0000000092c00000, 0x0000000092c00000, 0x0000000092d00000|  0%| F|  |TAMS 0x0000000092c00000, 0x0000000092c00000| Untracked 
| 301|0x0000000092d00000, 0x0000000092d00000, 0x0000000092e00000|  0%| F|  |TAMS 0x0000000092d00000, 0x0000000092d00000| Untracked 
| 302|0x0000000092e00000, 0x0000000092e00000, 0x0000000092f00000|  0%| F|  |TAMS 0x0000000092e00000, 0x0000000092e00000| Untracked 
| 303|0x0000000092f00000, 0x0000000092f00000, 0x0000000093000000|  0%| F|  |TAMS 0x0000000092f00000, 0x0000000092f00000| Untracked 
| 304|0x0000000093000000, 0x0000000093000000, 0x0000000093100000|  0%| F|  |TAMS 0x0000000093000000, 0x0000000093000000| Untracked 
| 305|0x0000000093100000, 0x0000000093100000, 0x0000000093200000|  0%| F|  |TAMS 0x0000000093100000, 0x0000000093100000| Untracked 
| 306|0x0000000093200000, 0x0000000093200000, 0x0000000093300000|  0%| F|  |TAMS 0x0000000093200000, 0x0000000093200000| Untracked 
| 307|0x0000000093300000, 0x0000000093300000, 0x0000000093400000|  0%| F|  |TAMS 0x0000000093300000, 0x0000000093300000| Untracked 
| 308|0x0000000093400000, 0x0000000093400000, 0x0000000093500000|  0%| F|  |TAMS 0x0000000093400000, 0x0000000093400000| Untracked 
| 309|0x0000000093500000, 0x0000000093500000, 0x0000000093600000|  0%| F|  |TAMS 0x0000000093500000, 0x0000000093500000| Untracked 
| 310|0x0000000093600000, 0x0000000093600000, 0x0000000093700000|  0%| F|  |TAMS 0x0000000093600000, 0x0000000093600000| Untracked 
| 311|0x0000000093700000, 0x0000000093700000, 0x0000000093800000|  0%| F|  |TAMS 0x0000000093700000, 0x0000000093700000| Untracked 
| 312|0x0000000093800000, 0x0000000093800000, 0x0000000093900000|  0%| F|  |TAMS 0x0000000093800000, 0x0000000093800000| Untracked 
| 313|0x0000000093900000, 0x0000000093900000, 0x0000000093a00000|  0%| F|  |TAMS 0x0000000093900000, 0x0000000093900000| Untracked 
| 314|0x0000000093a00000, 0x0000000093a00000, 0x0000000093b00000|  0%| F|  |TAMS 0x0000000093a00000, 0x0000000093a00000| Untracked 
| 315|0x0000000093b00000, 0x0000000093b00000, 0x0000000093c00000|  0%| F|  |TAMS 0x0000000093b00000, 0x0000000093b00000| Untracked 
| 316|0x0000000093c00000, 0x0000000093c00000, 0x0000000093d00000|  0%| F|  |TAMS 0x0000000093c00000, 0x0000000093c00000| Untracked 
| 317|0x0000000093d00000, 0x0000000093d00000, 0x0000000093e00000|  0%| F|  |TAMS 0x0000000093d00000, 0x0000000093d00000| Untracked 
| 318|0x0000000093e00000, 0x0000000093e00000, 0x0000000093f00000|  0%| F|  |TAMS 0x0000000093e00000, 0x0000000093e00000| Untracked 
| 319|0x0000000093f00000, 0x0000000093f00000, 0x0000000094000000|  0%| F|  |TAMS 0x0000000093f00000, 0x0000000093f00000| Untracked 
| 320|0x0000000094000000, 0x0000000094000000, 0x0000000094100000|  0%| F|  |TAMS 0x0000000094000000, 0x0000000094000000| Untracked 
| 321|0x0000000094100000, 0x0000000094100000, 0x0000000094200000|  0%| F|  |TAMS 0x0000000094100000, 0x0000000094100000| Untracked 
| 322|0x0000000094200000, 0x0000000094200000, 0x0000000094300000|  0%| F|  |TAMS 0x0000000094200000, 0x0000000094200000| Untracked 
| 323|0x0000000094300000, 0x0000000094300000, 0x0000000094400000|  0%| F|  |TAMS 0x0000000094300000, 0x0000000094300000| Untracked 
| 324|0x0000000094400000, 0x0000000094400000, 0x0000000094500000|  0%| F|  |TAMS 0x0000000094400000, 0x0000000094400000| Untracked 
| 325|0x0000000094500000, 0x0000000094500000, 0x0000000094600000|  0%| F|  |TAMS 0x0000000094500000, 0x0000000094500000| Untracked 
| 326|0x0000000094600000, 0x0000000094600000, 0x0000000094700000|  0%| F|  |TAMS 0x0000000094600000, 0x0000000094600000| Untracked 
| 327|0x0000000094700000, 0x0000000094700000, 0x0000000094800000|  0%| F|  |TAMS 0x0000000094700000, 0x0000000094700000| Untracked 
| 328|0x0000000094800000, 0x0000000094800000, 0x0000000094900000|  0%| F|  |TAMS 0x0000000094800000, 0x0000000094800000| Untracked 
| 329|0x0000000094900000, 0x0000000094900000, 0x0000000094a00000|  0%| F|  |TAMS 0x0000000094900000, 0x0000000094900000| Untracked 
| 330|0x0000000094a00000, 0x0000000094a00000, 0x0000000094b00000|  0%| F|  |TAMS 0x0000000094a00000, 0x0000000094a00000| Untracked 
| 331|0x0000000094b00000, 0x0000000094b00000, 0x0000000094c00000|  0%| F|  |TAMS 0x0000000094b00000, 0x0000000094b00000| Untracked 
| 332|0x0000000094c00000, 0x0000000094c00000, 0x0000000094d00000|  0%| F|  |TAMS 0x0000000094c00000, 0x0000000094c00000| Untracked 
| 333|0x0000000094d00000, 0x0000000094d00000, 0x0000000094e00000|  0%| F|  |TAMS 0x0000000094d00000, 0x0000000094d00000| Untracked 
| 334|0x0000000094e00000, 0x0000000094e00000, 0x0000000094f00000|  0%| F|  |TAMS 0x0000000094e00000, 0x0000000094e00000| Untracked 
| 335|0x0000000094f00000, 0x0000000094f00000, 0x0000000095000000|  0%| F|  |TAMS 0x0000000094f00000, 0x0000000094f00000| Untracked 
| 336|0x0000000095000000, 0x0000000095000000, 0x0000000095100000|  0%| F|  |TAMS 0x0000000095000000, 0x0000000095000000| Untracked 
| 337|0x0000000095100000, 0x0000000095100000, 0x0000000095200000|  0%| F|  |TAMS 0x0000000095100000, 0x0000000095100000| Untracked 
| 338|0x0000000095200000, 0x0000000095200000, 0x0000000095300000|  0%| F|  |TAMS 0x0000000095200000, 0x0000000095200000| Untracked 
| 339|0x0000000095300000, 0x0000000095300000, 0x0000000095400000|  0%| F|  |TAMS 0x0000000095300000, 0x0000000095300000| Untracked 
| 340|0x0000000095400000, 0x0000000095400000, 0x0000000095500000|  0%| F|  |TAMS 0x0000000095400000, 0x0000000095400000| Untracked 
| 341|0x0000000095500000, 0x0000000095500000, 0x0000000095600000|  0%| F|  |TAMS 0x0000000095500000, 0x0000000095500000| Untracked 
| 342|0x0000000095600000, 0x0000000095600000, 0x0000000095700000|  0%| F|  |TAMS 0x0000000095600000, 0x0000000095600000| Untracked 
| 343|0x0000000095700000, 0x0000000095700000, 0x0000000095800000|  0%| F|  |TAMS 0x0000000095700000, 0x0000000095700000| Untracked 
| 344|0x0000000095800000, 0x0000000095800000, 0x0000000095900000|  0%| F|  |TAMS 0x0000000095800000, 0x0000000095800000| Untracked 
| 345|0x0000000095900000, 0x0000000095900000, 0x0000000095a00000|  0%| F|  |TAMS 0x0000000095900000, 0x0000000095900000| Untracked 
| 346|0x0000000095a00000, 0x0000000095a00000, 0x0000000095b00000|  0%| F|  |TAMS 0x0000000095a00000, 0x0000000095a00000| Untracked 
| 347|0x0000000095b00000, 0x0000000095b00000, 0x0000000095c00000|  0%| F|  |TAMS 0x0000000095b00000, 0x0000000095b00000| Untracked 
| 348|0x0000000095c00000, 0x0000000095c00000, 0x0000000095d00000|  0%| F|  |TAMS 0x0000000095c00000, 0x0000000095c00000| Untracked 
| 349|0x0000000095d00000, 0x0000000095d00000, 0x0000000095e00000|  0%| F|  |TAMS 0x0000000095d00000, 0x0000000095d00000| Untracked 
| 350|0x0000000095e00000, 0x0000000095e00000, 0x0000000095f00000|  0%| F|  |TAMS 0x0000000095e00000, 0x0000000095e00000| Untracked 
| 351|0x0000000095f00000, 0x0000000095f00000, 0x0000000096000000|  0%| F|  |TAMS 0x0000000095f00000, 0x0000000095f00000| Untracked 
| 352|0x0000000096000000, 0x0000000096000000, 0x0000000096100000|  0%| F|  |TAMS 0x0000000096000000, 0x0000000096000000| Untracked 
| 353|0x0000000096100000, 0x0000000096100000, 0x0000000096200000|  0%| F|  |TAMS 0x0000000096100000, 0x0000000096100000| Untracked 
| 354|0x0000000096200000, 0x0000000096200000, 0x0000000096300000|  0%| F|  |TAMS 0x0000000096200000, 0x0000000096200000| Untracked 
| 355|0x0000000096300000, 0x0000000096300000, 0x0000000096400000|  0%| F|  |TAMS 0x0000000096300000, 0x0000000096300000| Untracked 
| 356|0x0000000096400000, 0x0000000096400000, 0x0000000096500000|  0%| F|  |TAMS 0x0000000096400000, 0x0000000096400000| Untracked 
| 357|0x0000000096500000, 0x0000000096500000, 0x0000000096600000|  0%| F|  |TAMS 0x0000000096500000, 0x0000000096500000| Untracked 
| 358|0x0000000096600000, 0x0000000096600000, 0x0000000096700000|  0%| F|  |TAMS 0x0000000096600000, 0x0000000096600000| Untracked 
| 359|0x0000000096700000, 0x0000000096700000, 0x0000000096800000|  0%| F|  |TAMS 0x0000000096700000, 0x0000000096700000| Untracked 
| 360|0x0000000096800000, 0x0000000096800000, 0x0000000096900000|  0%| F|  |TAMS 0x0000000096800000, 0x0000000096800000| Untracked 
| 361|0x0000000096900000, 0x0000000096900000, 0x0000000096a00000|  0%| F|  |TAMS 0x0000000096900000, 0x0000000096900000| Untracked 
| 362|0x0000000096a00000, 0x0000000096a00000, 0x0000000096b00000|  0%| F|  |TAMS 0x0000000096a00000, 0x0000000096a00000| Untracked 
| 363|0x0000000096b00000, 0x0000000096b00000, 0x0000000096c00000|  0%| F|  |TAMS 0x0000000096b00000, 0x0000000096b00000| Untracked 
| 364|0x0000000096c00000, 0x0000000096c00000, 0x0000000096d00000|  0%| F|  |TAMS 0x0000000096c00000, 0x0000000096c00000| Untracked 
| 365|0x0000000096d00000, 0x0000000096d00000, 0x0000000096e00000|  0%| F|  |TAMS 0x0000000096d00000, 0x0000000096d00000| Untracked 
| 366|0x0000000096e00000, 0x0000000096e00000, 0x0000000096f00000|  0%| F|  |TAMS 0x0000000096e00000, 0x0000000096e00000| Untracked 
| 367|0x0000000096f00000, 0x0000000096f00000, 0x0000000097000000|  0%| F|  |TAMS 0x0000000096f00000, 0x0000000096f00000| Untracked 
| 368|0x0000000097000000, 0x0000000097000000, 0x0000000097100000|  0%| F|  |TAMS 0x0000000097000000, 0x0000000097000000| Untracked 
| 369|0x0000000097100000, 0x0000000097100000, 0x0000000097200000|  0%| F|  |TAMS 0x0000000097100000, 0x0000000097100000| Untracked 
| 370|0x0000000097200000, 0x0000000097200000, 0x0000000097300000|  0%| F|  |TAMS 0x0000000097200000, 0x0000000097200000| Untracked 
| 371|0x0000000097300000, 0x0000000097300000, 0x0000000097400000|  0%| F|  |TAMS 0x0000000097300000, 0x0000000097300000| Untracked 
| 372|0x0000000097400000, 0x0000000097400000, 0x0000000097500000|  0%| F|  |TAMS 0x0000000097400000, 0x0000000097400000| Untracked 
| 373|0x0000000097500000, 0x0000000097500000, 0x0000000097600000|  0%| F|  |TAMS 0x0000000097500000, 0x0000000097500000| Untracked 
| 374|0x0000000097600000, 0x0000000097600000, 0x0000000097700000|  0%| F|  |TAMS 0x0000000097600000, 0x0000000097600000| Untracked 
| 375|0x0000000097700000, 0x0000000097700000, 0x0000000097800000|  0%| F|  |TAMS 0x0000000097700000, 0x0000000097700000| Untracked 
| 376|0x0000000097800000, 0x0000000097800000, 0x0000000097900000|  0%| F|  |TAMS 0x0000000097800000, 0x0000000097800000| Untracked 
| 377|0x0000000097900000, 0x0000000097900000, 0x0000000097a00000|  0%| F|  |TAMS 0x0000000097900000, 0x0000000097900000| Untracked 
| 378|0x0000000097a00000, 0x0000000097a00000, 0x0000000097b00000|  0%| F|  |TAMS 0x0000000097a00000, 0x0000000097a00000| Untracked 
| 379|0x0000000097b00000, 0x0000000097b00000, 0x0000000097c00000|  0%| F|  |TAMS 0x0000000097b00000, 0x0000000097b00000| Untracked 
| 380|0x0000000097c00000, 0x0000000097c00000, 0x0000000097d00000|  0%| F|  |TAMS 0x0000000097c00000, 0x0000000097c00000| Untracked 
| 381|0x0000000097d00000, 0x0000000097d00000, 0x0000000097e00000|  0%| F|  |TAMS 0x0000000097d00000, 0x0000000097d00000| Untracked 
| 382|0x0000000097e00000, 0x0000000097e00000, 0x0000000097f00000|  0%| F|  |TAMS 0x0000000097e00000, 0x0000000097e00000| Untracked 
| 383|0x0000000097f00000, 0x0000000097f00000, 0x0000000098000000|  0%| F|  |TAMS 0x0000000097f00000, 0x0000000097f00000| Untracked 
| 384|0x0000000098000000, 0x0000000098000000, 0x0000000098100000|  0%| F|  |TAMS 0x0000000098000000, 0x0000000098000000| Untracked 
| 385|0x0000000098100000, 0x0000000098100000, 0x0000000098200000|  0%| F|  |TAMS 0x0000000098100000, 0x0000000098100000| Untracked 
| 386|0x0000000098200000, 0x0000000098200000, 0x0000000098300000|  0%| F|  |TAMS 0x0000000098200000, 0x0000000098200000| Untracked 
| 387|0x0000000098300000, 0x0000000098300000, 0x0000000098400000|  0%| F|  |TAMS 0x0000000098300000, 0x0000000098300000| Untracked 
| 388|0x0000000098400000, 0x0000000098400000, 0x0000000098500000|  0%| F|  |TAMS 0x0000000098400000, 0x0000000098400000| Untracked 
| 389|0x0000000098500000, 0x0000000098500000, 0x0000000098600000|  0%| F|  |TAMS 0x0000000098500000, 0x0000000098500000| Untracked 
| 390|0x0000000098600000, 0x0000000098600000, 0x0000000098700000|  0%| F|  |TAMS 0x0000000098600000, 0x0000000098600000| Untracked 
| 391|0x0000000098700000, 0x0000000098700000, 0x0000000098800000|  0%| F|  |TAMS 0x0000000098700000, 0x0000000098700000| Untracked 
| 392|0x0000000098800000, 0x0000000098800000, 0x0000000098900000|  0%| F|  |TAMS 0x0000000098800000, 0x0000000098800000| Untracked 
| 393|0x0000000098900000, 0x0000000098900000, 0x0000000098a00000|  0%| F|  |TAMS 0x0000000098900000, 0x0000000098900000| Untracked 
| 394|0x0000000098a00000, 0x0000000098a00000, 0x0000000098b00000|  0%| F|  |TAMS 0x0000000098a00000, 0x0000000098a00000| Untracked 
| 395|0x0000000098b00000, 0x0000000098b00000, 0x0000000098c00000|  0%| F|  |TAMS 0x0000000098b00000, 0x0000000098b00000| Untracked 
| 396|0x0000000098c00000, 0x0000000098c00000, 0x0000000098d00000|  0%| F|  |TAMS 0x0000000098c00000, 0x0000000098c00000| Untracked 
| 397|0x0000000098d00000, 0x0000000098d00000, 0x0000000098e00000|  0%| F|  |TAMS 0x0000000098d00000, 0x0000000098d00000| Untracked 
| 398|0x0000000098e00000, 0x0000000098e00000, 0x0000000098f00000|  0%| F|  |TAMS 0x0000000098e00000, 0x0000000098e00000| Untracked 
| 399|0x0000000098f00000, 0x0000000098f00000, 0x0000000099000000|  0%| F|  |TAMS 0x0000000098f00000, 0x0000000098f00000| Untracked 
| 400|0x0000000099000000, 0x0000000099000000, 0x0000000099100000|  0%| F|  |TAMS 0x0000000099000000, 0x0000000099000000| Untracked 
| 401|0x0000000099100000, 0x0000000099100000, 0x0000000099200000|  0%| F|  |TAMS 0x0000000099100000, 0x0000000099100000| Untracked 
| 402|0x0000000099200000, 0x0000000099200000, 0x0000000099300000|  0%| F|  |TAMS 0x0000000099200000, 0x0000000099200000| Untracked 
| 403|0x0000000099300000, 0x0000000099300000, 0x0000000099400000|  0%| F|  |TAMS 0x0000000099300000, 0x0000000099300000| Untracked 
| 404|0x0000000099400000, 0x0000000099400000, 0x0000000099500000|  0%| F|  |TAMS 0x0000000099400000, 0x0000000099400000| Untracked 
| 405|0x0000000099500000, 0x0000000099500000, 0x0000000099600000|  0%| F|  |TAMS 0x0000000099500000, 0x0000000099500000| Untracked 
| 406|0x0000000099600000, 0x0000000099600000, 0x0000000099700000|  0%| F|  |TAMS 0x0000000099600000, 0x0000000099600000| Untracked 
| 407|0x0000000099700000, 0x0000000099700000, 0x0000000099800000|  0%| F|  |TAMS 0x0000000099700000, 0x0000000099700000| Untracked 
| 408|0x0000000099800000, 0x0000000099800000, 0x0000000099900000|  0%| F|  |TAMS 0x0000000099800000, 0x0000000099800000| Untracked 
| 409|0x0000000099900000, 0x0000000099900000, 0x0000000099a00000|  0%| F|  |TAMS 0x0000000099900000, 0x0000000099900000| Untracked 
| 410|0x0000000099a00000, 0x0000000099a00000, 0x0000000099b00000|  0%| F|  |TAMS 0x0000000099a00000, 0x0000000099a00000| Untracked 
| 411|0x0000000099b00000, 0x0000000099b00000, 0x0000000099c00000|  0%| F|  |TAMS 0x0000000099b00000, 0x0000000099b00000| Untracked 
| 412|0x0000000099c00000, 0x0000000099c00000, 0x0000000099d00000|  0%| F|  |TAMS 0x0000000099c00000, 0x0000000099c00000| Untracked 
| 413|0x0000000099d00000, 0x0000000099d00000, 0x0000000099e00000|  0%| F|  |TAMS 0x0000000099d00000, 0x0000000099d00000| Untracked 
| 414|0x0000000099e00000, 0x0000000099e00000, 0x0000000099f00000|  0%| F|  |TAMS 0x0000000099e00000, 0x0000000099e00000| Untracked 
| 415|0x0000000099f00000, 0x0000000099f00000, 0x000000009a000000|  0%| F|  |TAMS 0x0000000099f00000, 0x0000000099f00000| Untracked 
| 416|0x000000009a000000, 0x000000009a000000, 0x000000009a100000|  0%| F|  |TAMS 0x000000009a000000, 0x000000009a000000| Untracked 
| 417|0x000000009a100000, 0x000000009a100000, 0x000000009a200000|  0%| F|  |TAMS 0x000000009a100000, 0x000000009a100000| Untracked 
| 418|0x000000009a200000, 0x000000009a200000, 0x000000009a300000|  0%| F|  |TAMS 0x000000009a200000, 0x000000009a200000| Untracked 
| 419|0x000000009a300000, 0x000000009a300000, 0x000000009a400000|  0%| F|  |TAMS 0x000000009a300000, 0x000000009a300000| Untracked 
| 420|0x000000009a400000, 0x000000009a400000, 0x000000009a500000|  0%| F|  |TAMS 0x000000009a400000, 0x000000009a400000| Untracked 
| 421|0x000000009a500000, 0x000000009a500000, 0x000000009a600000|  0%| F|  |TAMS 0x000000009a500000, 0x000000009a500000| Untracked 
| 422|0x000000009a600000, 0x000000009a600000, 0x000000009a700000|  0%| F|  |TAMS 0x000000009a600000, 0x000000009a600000| Untracked 
| 423|0x000000009a700000, 0x000000009a700000, 0x000000009a800000|  0%| F|  |TAMS 0x000000009a700000, 0x000000009a700000| Untracked 
| 424|0x000000009a800000, 0x000000009a800000, 0x000000009a900000|  0%| F|  |TAMS 0x000000009a800000, 0x000000009a800000| Untracked 
| 425|0x000000009a900000, 0x000000009a900000, 0x000000009aa00000|  0%| F|  |TAMS 0x000000009a900000, 0x000000009a900000| Untracked 
| 426|0x000000009aa00000, 0x000000009aa00000, 0x000000009ab00000|  0%| F|  |TAMS 0x000000009aa00000, 0x000000009aa00000| Untracked 
| 427|0x000000009ab00000, 0x000000009ab00000, 0x000000009ac00000|  0%| F|  |TAMS 0x000000009ab00000, 0x000000009ab00000| Untracked 
| 428|0x000000009ac00000, 0x000000009ac00000, 0x000000009ad00000|  0%| F|  |TAMS 0x000000009ac00000, 0x000000009ac00000| Untracked 
| 429|0x000000009ad00000, 0x000000009ad00000, 0x000000009ae00000|  0%| F|  |TAMS 0x000000009ad00000, 0x000000009ad00000| Untracked 
| 430|0x000000009ae00000, 0x000000009ae00000, 0x000000009af00000|  0%| F|  |TAMS 0x000000009ae00000, 0x000000009ae00000| Untracked 
| 431|0x000000009af00000, 0x000000009af00000, 0x000000009b000000|  0%| F|  |TAMS 0x000000009af00000, 0x000000009af00000| Untracked 
| 432|0x000000009b000000, 0x000000009b000000, 0x000000009b100000|  0%| F|  |TAMS 0x000000009b000000, 0x000000009b000000| Untracked 
| 433|0x000000009b100000, 0x000000009b100000, 0x000000009b200000|  0%| F|  |TAMS 0x000000009b100000, 0x000000009b100000| Untracked 
| 434|0x000000009b200000, 0x000000009b200000, 0x000000009b300000|  0%| F|  |TAMS 0x000000009b200000, 0x000000009b200000| Untracked 
| 435|0x000000009b300000, 0x000000009b300000, 0x000000009b400000|  0%| F|  |TAMS 0x000000009b300000, 0x000000009b300000| Untracked 
| 436|0x000000009b400000, 0x000000009b400000, 0x000000009b500000|  0%| F|  |TAMS 0x000000009b400000, 0x000000009b400000| Untracked 
| 437|0x000000009b500000, 0x000000009b500000, 0x000000009b600000|  0%| F|  |TAMS 0x000000009b500000, 0x000000009b500000| Untracked 
| 438|0x000000009b600000, 0x000000009b600000, 0x000000009b700000|  0%| F|  |TAMS 0x000000009b600000, 0x000000009b600000| Untracked 
| 439|0x000000009b700000, 0x000000009b700000, 0x000000009b800000|  0%| F|  |TAMS 0x000000009b700000, 0x000000009b700000| Untracked 
| 440|0x000000009b800000, 0x000000009b800000, 0x000000009b900000|  0%| F|  |TAMS 0x000000009b800000, 0x000000009b800000| Untracked 
| 441|0x000000009b900000, 0x000000009b900000, 0x000000009ba00000|  0%| F|  |TAMS 0x000000009b900000, 0x000000009b900000| Untracked 
| 442|0x000000009ba00000, 0x000000009ba00000, 0x000000009bb00000|  0%| F|  |TAMS 0x000000009ba00000, 0x000000009ba00000| Untracked 
| 443|0x000000009bb00000, 0x000000009bb00000, 0x000000009bc00000|  0%| F|  |TAMS 0x000000009bb00000, 0x000000009bb00000| Untracked 
| 444|0x000000009bc00000, 0x000000009bc00000, 0x000000009bd00000|  0%| F|  |TAMS 0x000000009bc00000, 0x000000009bc00000| Untracked 
| 445|0x000000009bd00000, 0x000000009bd00000, 0x000000009be00000|  0%| F|  |TAMS 0x000000009bd00000, 0x000000009bd00000| Untracked 
| 446|0x000000009be00000, 0x000000009be00000, 0x000000009bf00000|  0%| F|  |TAMS 0x000000009be00000, 0x000000009be00000| Untracked 
| 447|0x000000009bf00000, 0x000000009bf00000, 0x000000009c000000|  0%| F|  |TAMS 0x000000009bf00000, 0x000000009bf00000| Untracked 
| 448|0x000000009c000000, 0x000000009c000000, 0x000000009c100000|  0%| F|  |TAMS 0x000000009c000000, 0x000000009c000000| Untracked 
| 449|0x000000009c100000, 0x000000009c100000, 0x000000009c200000|  0%| F|  |TAMS 0x000000009c100000, 0x000000009c100000| Untracked 
| 450|0x000000009c200000, 0x000000009c200000, 0x000000009c300000|  0%| F|  |TAMS 0x000000009c200000, 0x000000009c200000| Untracked 
| 451|0x000000009c300000, 0x000000009c300000, 0x000000009c400000|  0%| F|  |TAMS 0x000000009c300000, 0x000000009c300000| Untracked 
| 452|0x000000009c400000, 0x000000009c400000, 0x000000009c500000|  0%| F|  |TAMS 0x000000009c400000, 0x000000009c400000| Untracked 
| 453|0x000000009c500000, 0x000000009c500000, 0x000000009c600000|  0%| F|  |TAMS 0x000000009c500000, 0x000000009c500000| Untracked 
| 454|0x000000009c600000, 0x000000009c600000, 0x000000009c700000|  0%| F|  |TAMS 0x000000009c600000, 0x000000009c600000| Untracked 
| 455|0x000000009c700000, 0x000000009c700000, 0x000000009c800000|  0%| F|  |TAMS 0x000000009c700000, 0x000000009c700000| Untracked 
| 456|0x000000009c800000, 0x000000009c800000, 0x000000009c900000|  0%| F|  |TAMS 0x000000009c800000, 0x000000009c800000| Untracked 
| 457|0x000000009c900000, 0x000000009c900000, 0x000000009ca00000|  0%| F|  |TAMS 0x000000009c900000, 0x000000009c900000| Untracked 
| 458|0x000000009ca00000, 0x000000009ca00000, 0x000000009cb00000|  0%| F|  |TAMS 0x000000009ca00000, 0x000000009ca00000| Untracked 
| 459|0x000000009cb00000, 0x000000009cb00000, 0x000000009cc00000|  0%| F|  |TAMS 0x000000009cb00000, 0x000000009cb00000| Untracked 
| 460|0x000000009cc00000, 0x000000009cc00000, 0x000000009cd00000|  0%| F|  |TAMS 0x000000009cc00000, 0x000000009cc00000| Untracked 
| 461|0x000000009cd00000, 0x000000009cd00000, 0x000000009ce00000|  0%| F|  |TAMS 0x000000009cd00000, 0x000000009cd00000| Untracked 
| 462|0x000000009ce00000, 0x000000009ce00000, 0x000000009cf00000|  0%| F|  |TAMS 0x000000009ce00000, 0x000000009ce00000| Untracked 
| 463|0x000000009cf00000, 0x000000009cf00000, 0x000000009d000000|  0%| F|  |TAMS 0x000000009cf00000, 0x000000009cf00000| Untracked 
| 464|0x000000009d000000, 0x000000009d000000, 0x000000009d100000|  0%| F|  |TAMS 0x000000009d000000, 0x000000009d000000| Untracked 
| 465|0x000000009d100000, 0x000000009d100000, 0x000000009d200000|  0%| F|  |TAMS 0x000000009d100000, 0x000000009d100000| Untracked 
| 466|0x000000009d200000, 0x000000009d200000, 0x000000009d300000|  0%| F|  |TAMS 0x000000009d200000, 0x000000009d200000| Untracked 
| 467|0x000000009d300000, 0x000000009d300000, 0x000000009d400000|  0%| F|  |TAMS 0x000000009d300000, 0x000000009d300000| Untracked 
| 468|0x000000009d400000, 0x000000009d400000, 0x000000009d500000|  0%| F|  |TAMS 0x000000009d400000, 0x000000009d400000| Untracked 
| 469|0x000000009d500000, 0x000000009d500000, 0x000000009d600000|  0%| F|  |TAMS 0x000000009d500000, 0x000000009d500000| Untracked 
| 470|0x000000009d600000, 0x000000009d600000, 0x000000009d700000|  0%| F|  |TAMS 0x000000009d600000, 0x000000009d600000| Untracked 
| 471|0x000000009d700000, 0x000000009d700000, 0x000000009d800000|  0%| F|  |TAMS 0x000000009d700000, 0x000000009d700000| Untracked 
| 472|0x000000009d800000, 0x000000009d800000, 0x000000009d900000|  0%| F|  |TAMS 0x000000009d800000, 0x000000009d800000| Untracked 
| 473|0x000000009d900000, 0x000000009d900000, 0x000000009da00000|  0%| F|  |TAMS 0x000000009d900000, 0x000000009d900000| Untracked 
| 474|0x000000009da00000, 0x000000009da00000, 0x000000009db00000|  0%| F|  |TAMS 0x000000009da00000, 0x000000009da00000| Untracked 
| 475|0x000000009db00000, 0x000000009db00000, 0x000000009dc00000|  0%| F|  |TAMS 0x000000009db00000, 0x000000009db00000| Untracked 
| 476|0x000000009dc00000, 0x000000009dc00000, 0x000000009dd00000|  0%| F|  |TAMS 0x000000009dc00000, 0x000000009dc00000| Untracked 
| 477|0x000000009dd00000, 0x000000009dd00000, 0x000000009de00000|  0%| F|  |TAMS 0x000000009dd00000, 0x000000009dd00000| Untracked 
| 478|0x000000009de00000, 0x000000009de00000, 0x000000009df00000|  0%| F|  |TAMS 0x000000009de00000, 0x000000009de00000| Untracked 
| 479|0x000000009df00000, 0x000000009df00000, 0x000000009e000000|  0%| F|  |TAMS 0x000000009df00000, 0x000000009df00000| Untracked 
| 480|0x000000009e000000, 0x000000009e000000, 0x000000009e100000|  0%| F|  |TAMS 0x000000009e000000, 0x000000009e000000| Untracked 
| 481|0x000000009e100000, 0x000000009e100000, 0x000000009e200000|  0%| F|  |TAMS 0x000000009e100000, 0x000000009e100000| Untracked 
| 482|0x000000009e200000, 0x000000009e200000, 0x000000009e300000|  0%| F|  |TAMS 0x000000009e200000, 0x000000009e200000| Untracked 
| 483|0x000000009e300000, 0x000000009e300000, 0x000000009e400000|  0%| F|  |TAMS 0x000000009e300000, 0x000000009e300000| Untracked 
| 484|0x000000009e400000, 0x000000009e400000, 0x000000009e500000|  0%| F|  |TAMS 0x000000009e400000, 0x000000009e400000| Untracked 
| 485|0x000000009e500000, 0x000000009e500000, 0x000000009e600000|  0%| F|  |TAMS 0x000000009e500000, 0x000000009e500000| Untracked 
| 486|0x000000009e600000, 0x000000009e600000, 0x000000009e700000|  0%| F|  |TAMS 0x000000009e600000, 0x000000009e600000| Untracked 
| 487|0x000000009e700000, 0x000000009e700000, 0x000000009e800000|  0%| F|  |TAMS 0x000000009e700000, 0x000000009e700000| Untracked 
| 488|0x000000009e800000, 0x000000009e800000, 0x000000009e900000|  0%| F|  |TAMS 0x000000009e800000, 0x000000009e800000| Untracked 
| 489|0x000000009e900000, 0x000000009e900000, 0x000000009ea00000|  0%| F|  |TAMS 0x000000009e900000, 0x000000009e900000| Untracked 
| 490|0x000000009ea00000, 0x000000009ea00000, 0x000000009eb00000|  0%| F|  |TAMS 0x000000009ea00000, 0x000000009ea00000| Untracked 
| 491|0x000000009eb00000, 0x000000009eb00000, 0x000000009ec00000|  0%| F|  |TAMS 0x000000009eb00000, 0x000000009eb00000| Untracked 
| 492|0x000000009ec00000, 0x000000009ec00000, 0x000000009ed00000|  0%| F|  |TAMS 0x000000009ec00000, 0x000000009ec00000| Untracked 
| 493|0x000000009ed00000, 0x000000009ed00000, 0x000000009ee00000|  0%| F|  |TAMS 0x000000009ed00000, 0x000000009ed00000| Untracked 
| 494|0x000000009ee00000, 0x000000009ee00000, 0x000000009ef00000|  0%| F|  |TAMS 0x000000009ee00000, 0x000000009ee00000| Untracked 
| 495|0x000000009ef00000, 0x000000009ef00000, 0x000000009f000000|  0%| F|  |TAMS 0x000000009ef00000, 0x000000009ef00000| Untracked 
| 496|0x000000009f000000, 0x000000009f000000, 0x000000009f100000|  0%| F|  |TAMS 0x000000009f000000, 0x000000009f000000| Untracked 
| 497|0x000000009f100000, 0x000000009f100000, 0x000000009f200000|  0%| F|  |TAMS 0x000000009f100000, 0x000000009f100000| Untracked 
| 498|0x000000009f200000, 0x000000009f200000, 0x000000009f300000|  0%| F|  |TAMS 0x000000009f200000, 0x000000009f200000| Untracked 
| 499|0x000000009f300000, 0x000000009f300000, 0x000000009f400000|  0%| F|  |TAMS 0x000000009f300000, 0x000000009f300000| Untracked 
| 500|0x000000009f400000, 0x000000009f400000, 0x000000009f500000|  0%| F|  |TAMS 0x000000009f400000, 0x000000009f400000| Untracked 
| 501|0x000000009f500000, 0x000000009f500000, 0x000000009f600000|  0%| F|  |TAMS 0x000000009f500000, 0x000000009f500000| Untracked 
| 502|0x000000009f600000, 0x000000009f600000, 0x000000009f700000|  0%| F|  |TAMS 0x000000009f600000, 0x000000009f600000| Untracked 
| 503|0x000000009f700000, 0x000000009f700000, 0x000000009f800000|  0%| F|  |TAMS 0x000000009f700000, 0x000000009f700000| Untracked 
| 504|0x000000009f800000, 0x000000009f800000, 0x000000009f900000|  0%| F|  |TAMS 0x000000009f800000, 0x000000009f800000| Untracked 
| 505|0x000000009f900000, 0x000000009f900000, 0x000000009fa00000|  0%| F|  |TAMS 0x000000009f900000, 0x000000009f900000| Untracked 
| 506|0x000000009fa00000, 0x000000009fa00000, 0x000000009fb00000|  0%| F|  |TAMS 0x000000009fa00000, 0x000000009fa00000| Untracked 
| 507|0x000000009fb00000, 0x000000009fb00000, 0x000000009fc00000|  0%| F|  |TAMS 0x000000009fb00000, 0x000000009fb00000| Untracked 
| 508|0x000000009fc00000, 0x000000009fc00000, 0x000000009fd00000|  0%| F|  |TAMS 0x000000009fc00000, 0x000000009fc00000| Untracked 
| 509|0x000000009fd00000, 0x000000009fd00000, 0x000000009fe00000|  0%| F|  |TAMS 0x000000009fd00000, 0x000000009fd00000| Untracked 
| 510|0x000000009fe00000, 0x000000009fe00000, 0x000000009ff00000|  0%| F|  |TAMS 0x000000009fe00000, 0x000000009fe00000| Untracked 
| 511|0x000000009ff00000, 0x000000009ff00000, 0x00000000a0000000|  0%| F|  |TAMS 0x000000009ff00000, 0x000000009ff00000| Untracked 
| 512|0x00000000a0000000, 0x00000000a0000000, 0x00000000a0100000|  0%| F|  |TAMS 0x00000000a0000000, 0x00000000a0000000| Untracked 
| 513|0x00000000a0100000, 0x00000000a0100000, 0x00000000a0200000|  0%| F|  |TAMS 0x00000000a0100000, 0x00000000a0100000| Untracked 
| 514|0x00000000a0200000, 0x00000000a0200000, 0x00000000a0300000|  0%| F|  |TAMS 0x00000000a0200000, 0x00000000a0200000| Untracked 
| 515|0x00000000a0300000, 0x00000000a0300000, 0x00000000a0400000|  0%| F|  |TAMS 0x00000000a0300000, 0x00000000a0300000| Untracked 
| 516|0x00000000a0400000, 0x00000000a0400000, 0x00000000a0500000|  0%| F|  |TAMS 0x00000000a0400000, 0x00000000a0400000| Untracked 
| 517|0x00000000a0500000, 0x00000000a0500000, 0x00000000a0600000|  0%| F|  |TAMS 0x00000000a0500000, 0x00000000a0500000| Untracked 
| 518|0x00000000a0600000, 0x00000000a0600000, 0x00000000a0700000|  0%| F|  |TAMS 0x00000000a0600000, 0x00000000a0600000| Untracked 
| 519|0x00000000a0700000, 0x00000000a0700000, 0x00000000a0800000|  0%| F|  |TAMS 0x00000000a0700000, 0x00000000a0700000| Untracked 
| 520|0x00000000a0800000, 0x00000000a0800000, 0x00000000a0900000|  0%| F|  |TAMS 0x00000000a0800000, 0x00000000a0800000| Untracked 
| 521|0x00000000a0900000, 0x00000000a0900000, 0x00000000a0a00000|  0%| F|  |TAMS 0x00000000a0900000, 0x00000000a0900000| Untracked 
| 522|0x00000000a0a00000, 0x00000000a0a00000, 0x00000000a0b00000|  0%| F|  |TAMS 0x00000000a0a00000, 0x00000000a0a00000| Untracked 
| 523|0x00000000a0b00000, 0x00000000a0b00000, 0x00000000a0c00000|  0%| F|  |TAMS 0x00000000a0b00000, 0x00000000a0b00000| Untracked 
| 524|0x00000000a0c00000, 0x00000000a0c00000, 0x00000000a0d00000|  0%| F|  |TAMS 0x00000000a0c00000, 0x00000000a0c00000| Untracked 
| 525|0x00000000a0d00000, 0x00000000a0d00000, 0x00000000a0e00000|  0%| F|  |TAMS 0x00000000a0d00000, 0x00000000a0d00000| Untracked 
| 526|0x00000000a0e00000, 0x00000000a0e52240, 0x00000000a0f00000| 32%| S|CS|TAMS 0x00000000a0e00000, 0x00000000a0e00000| Complete 
| 527|0x00000000a0f00000, 0x00000000a1000000, 0x00000000a1000000|100%| S|CS|TAMS 0x00000000a0f00000, 0x00000000a0f00000| Complete 
| 528|0x00000000a1000000, 0x00000000a1100000, 0x00000000a1100000|100%| S|CS|TAMS 0x00000000a1000000, 0x00000000a1000000| Complete 
| 529|0x00000000a1100000, 0x00000000a1100000, 0x00000000a1200000|  0%| F|  |TAMS 0x00000000a1100000, 0x00000000a1100000| Untracked 
| 530|0x00000000a1200000, 0x00000000a1200000, 0x00000000a1300000|  0%| F|  |TAMS 0x00000000a1200000, 0x00000000a1200000| Untracked 
| 531|0x00000000a1300000, 0x00000000a1300000, 0x00000000a1400000|  0%| F|  |TAMS 0x00000000a1300000, 0x00000000a1300000| Untracked 
| 532|0x00000000a1400000, 0x00000000a1400000, 0x00000000a1500000|  0%| F|  |TAMS 0x00000000a1400000, 0x00000000a1400000| Untracked 
| 533|0x00000000a1500000, 0x00000000a1500000, 0x00000000a1600000|  0%| F|  |TAMS 0x00000000a1500000, 0x00000000a1500000| Untracked 
| 534|0x00000000a1600000, 0x00000000a1600000, 0x00000000a1700000|  0%| F|  |TAMS 0x00000000a1600000, 0x00000000a1600000| Untracked 
| 535|0x00000000a1700000, 0x00000000a1700000, 0x00000000a1800000|  0%| F|  |TAMS 0x00000000a1700000, 0x00000000a1700000| Untracked 
| 536|0x00000000a1800000, 0x00000000a1800000, 0x00000000a1900000|  0%| F|  |TAMS 0x00000000a1800000, 0x00000000a1800000| Untracked 
| 537|0x00000000a1900000, 0x00000000a1900000, 0x00000000a1a00000|  0%| F|  |TAMS 0x00000000a1900000, 0x00000000a1900000| Untracked 
| 538|0x00000000a1a00000, 0x00000000a1a00000, 0x00000000a1b00000|  0%| F|  |TAMS 0x00000000a1a00000, 0x00000000a1a00000| Untracked 
| 539|0x00000000a1b00000, 0x00000000a1b80800, 0x00000000a1c00000| 50%| E|  |TAMS 0x00000000a1b00000, 0x00000000a1b00000| Complete 
| 540|0x00000000a1c00000, 0x00000000a1d00000, 0x00000000a1d00000|100%| E|CS|TAMS 0x00000000a1c00000, 0x00000000a1c00000| Complete 
| 541|0x00000000a1d00000, 0x00000000a1e00000, 0x00000000a1e00000|100%| E|CS|TAMS 0x00000000a1d00000, 0x00000000a1d00000| Complete 
| 542|0x00000000a1e00000, 0x00000000a1f00000, 0x00000000a1f00000|100%| E|CS|TAMS 0x00000000a1e00000, 0x00000000a1e00000| Complete 
| 543|0x00000000a1f00000, 0x00000000a2000000, 0x00000000a2000000|100%| E|CS|TAMS 0x00000000a1f00000, 0x00000000a1f00000| Complete 
| 544|0x00000000a2000000, 0x00000000a2100000, 0x00000000a2100000|100%| E|CS|TAMS 0x00000000a2000000, 0x00000000a2000000| Complete 
| 545|0x00000000a2100000, 0x00000000a2200000, 0x00000000a2200000|100%| E|CS|TAMS 0x00000000a2100000, 0x00000000a2100000| Complete 
| 546|0x00000000a2200000, 0x00000000a2300000, 0x00000000a2300000|100%| E|CS|TAMS 0x00000000a2200000, 0x00000000a2200000| Complete 
| 547|0x00000000a2300000, 0x00000000a2400000, 0x00000000a2400000|100%| E|CS|TAMS 0x00000000a2300000, 0x00000000a2300000| Complete 
| 548|0x00000000a2400000, 0x00000000a2500000, 0x00000000a2500000|100%| E|CS|TAMS 0x00000000a2400000, 0x00000000a2400000| Complete 
| 549|0x00000000a2500000, 0x00000000a2600000, 0x00000000a2600000|100%| E|CS|TAMS 0x00000000a2500000, 0x00000000a2500000| Complete 
| 550|0x00000000a2600000, 0x00000000a2700000, 0x00000000a2700000|100%| E|CS|TAMS 0x00000000a2600000, 0x00000000a2600000| Complete 

Card table byte_map: [0x00000197fdd90000,0x00000197fe190000] _byte_map_base: 0x00000197fd990000

Marking Bits (Prev, Next): (CMBitMap*) 0x00000197f5364090, (CMBitMap*) 0x00000197f5364050
 Prev Bits: [0x0000019791000000, 0x0000019793000000)
 Next Bits: [0x000001978f000000, 0x0000019791000000)

Polling page: 0x00000197f3250000

Metaspace:

Usage:
  Non-class:     93.38 MB used.
      Class:     14.59 MB used.
       Both:    107.97 MB used.

Virtual space:
  Non-class space:      128.00 MB reserved,      93.88 MB ( 73%) committed,  2 nodes.
      Class space:        1.00 GB reserved,      15.06 MB (  1%) committed,  1 nodes.
             Both:        1.12 GB reserved,     108.94 MB (  9%) committed. 

Chunk freelists:
   Non-Class:  1.48 MB
       Class:  1008.00 KB
        Both:  2.47 MB

MaxMetaspaceSize: unlimited
CompressedClassSpaceSize: 1.00 GB
Initial GC threshold: 21.00 MB
Current GC threshold: 166.56 MB
CDS: on
MetaspaceReclaimPolicy: balanced
 - commit_granule_bytes: 65536.
 - commit_granule_words: 8192.
 - virtual_space_node_default_size: 8388608.
 - enlarge_chunks_in_place: 1.
 - new_chunks_are_fully_committed: 0.
 - uncommit_free_chunks: 1.
 - use_allocation_guard: 0.
 - handle_deallocations: 1.


Internal statistics:

num_allocs_failed_limit: 6.
num_arena_births: 1198.
num_arena_deaths: 0.
num_vsnodes_births: 3.
num_vsnodes_deaths: 0.
num_space_committed: 1742.
num_space_uncommitted: 0.
num_chunks_returned_to_freelist: 6.
num_chunks_taken_from_freelist: 5969.
num_chunk_merges: 6.
num_chunk_splits: 3918.
num_chunks_enlarged: 2550.
num_inconsistent_stats: 0.

CodeHeap 'non-profiled nmethods': size=119168Kb used=7068Kb max_used=7530Kb free=112099Kb
 bounds [0x0000019787ba0000, 0x0000019788300000, 0x000001978f000000]
CodeHeap 'profiled nmethods': size=119104Kb used=23020Kb max_used=23806Kb free=96083Kb
 bounds [0x0000019780000000, 0x0000019781750000, 0x0000019787450000]
CodeHeap 'non-nmethods': size=7488Kb used=4153Kb max_used=4197Kb free=3334Kb
 bounds [0x0000019787450000, 0x0000019787870000, 0x0000019787ba0000]
 total_blobs=12478 nmethods=11478 adapters=909
 compilation: enabled
              stopped_count=0, restarted_count=0
 full_count=0

Compilation events (20 events):
Event: 6.864 Thread 0x00000197ffe058f0 nmethod 13190 0x0000019781716410 code [0x00000197817167c0, 0x0000019781718188]
Event: 6.864 Thread 0x00000197ffcc1ac0 nmethod 13120 0x00000197882f3210 code [0x00000197882f33e0, 0x00000197882f3f70]
Event: 6.864 Thread 0x00000197ffcc1ac0 13185       4       com.google.common.collect.AbstractIterator::next (37 bytes)
Event: 6.864 Thread 0x00000197ffe058f0 13192       3       org.gradle.api.internal.artifacts.ivyservice.resolveengine.result.ThisBuildOnlySelectedVariantSerializer::readVariantReference (62 bytes)
Event: 6.864 Thread 0x00000197ffe033c0 13193       3       org.gradle.api.internal.artifacts.ivyservice.resolveengine.result.DefaultResolutionResultBuilder::startVisitComponent (33 bytes)
Event: 6.864 Thread 0x00000197ffe1e1f0 13194       3       org.gradle.api.internal.artifacts.ivyservice.resolveengine.result.DefaultResolutionResultBuilder::visitComponentDetails (11 bytes)
Event: 6.864 Thread 0x00000197ffe1e1f0 nmethod 13194 0x0000019781720090 code [0x0000019781720220, 0x00000197817203d8]
Event: 6.864 Thread 0x00000197ffe1e1f0 13202       3       org.gradle.api.internal.artifacts.ivyservice.resolveengine.result.ComponentSelectionReasonSerializer::readDescriptions (41 bytes)
Event: 6.864 Thread 0x00000197ffe033c0 nmethod 13193 0x0000019781720490 code [0x0000019781720640, 0x0000019781720948]
Event: 6.864 Thread 0x00000197ffe033c0 13197       3       it.unimi.dsi.fastutil.longs.Long2ObjectOpenHashMap::containsKey (82 bytes)
Event: 6.864 Thread 0x00000197ffcc2f40 nmethod 13189 0x0000019781719090 code [0x0000019781719800, 0x000001978171ea58]
Event: 6.864 Thread 0x00000197ffcc2f40 13195       3       org.gradle.api.internal.artifacts.ivyservice.resolveengine.result.DefaultResolutionResultBuilder::visitComponentVariants (9 bytes)
Event: 7.185 Thread 0x00000197ffe033c0 nmethod 13197 0x0000019781722390 code [0x0000019781722560, 0x00000197817229c8]
Event: 7.185 Thread 0x00000197ffe1e1f0 nmethod 13202 0x0000019781721a90 code [0x0000019781721c60, 0x00000197817221b8]
Event: 7.185 Thread 0x00000197ffe058f0 nmethod 13192 0x0000019781720a90 code [0x0000019781720d00, 0x00000197817216e8]
Event: 7.185 Thread 0x00000197ffe1e1f0 13196       3       org.gradle.api.internal.artifacts.ivyservice.resolveengine.result.DefaultResolutionResultBuilder::endVisitComponent (79 bytes)
Event: 7.185 Thread 0x00000197ffe058f0 13199       3       it.unimi.dsi.fastutil.longs.Long2ObjectOpenHashMap::put (48 bytes)
Event: 7.185 Thread 0x00000197ffe033c0 13198       3       org.gradle.api.internal.artifacts.result.DefaultResolvedComponentResult::<init> (98 bytes)
Event: 7.185 Thread 0x00000197ffcc2f40 nmethod 13195 0x0000019781722b90 code [0x0000019781722d40, 0x0000019781722ec8]
Event: 7.185 Thread 0x00000197ffcc2f40 13201       3       org.gradle.api.internal.artifacts.ivyservice.resolveengine.result.ComponentSelectionReasonSerializer::read (11 bytes)

GC Heap History (20 events):
Event: 5.353 GC heap before
{Heap before GC invocations=41 (full 0):
 garbage-first heap   total 217088K, used 135168K [0x0000000080000000, 0x0000000100000000)
  region size 1024K, 14 young (14336K), 6 survivors (6144K)
 Metaspace       used 86441K, committed 87232K, reserved 1179648K
  class space    used 11819K, committed 12160K, reserved 1048576K
}
Event: 5.355 GC heap after
{Heap after GC invocations=42 (full 0):
 garbage-first heap   total 217088K, used 123165K [0x0000000080000000, 0x0000000100000000)
  region size 1024K, 1 young (1024K), 1 survivors (1024K)
 Metaspace       used 86441K, committed 87232K, reserved 1179648K
  class space    used 11819K, committed 12160K, reserved 1048576K
}
Event: 5.388 GC heap before
{Heap before GC invocations=43 (full 0):
 garbage-first heap   total 217088K, used 129309K [0x0000000080000000, 0x0000000100000000)
  region size 1024K, 6 young (6144K), 1 survivors (1024K)
 Metaspace       used 87094K, committed 87936K, reserved 1179648K
  class space    used 11895K, committed 12288K, reserved 1048576K
}
Event: 5.390 GC heap after
{Heap after GC invocations=44 (full 0):
 garbage-first heap   total 284672K, used 125357K [0x0000000080000000, 0x0000000100000000)
  region size 1024K, 1 young (1024K), 1 survivors (1024K)
 Metaspace       used 87094K, committed 87936K, reserved 1179648K
  class space    used 11895K, committed 12288K, reserved 1048576K
}
Event: 5.394 GC heap before
{Heap before GC invocations=44 (full 0):
 garbage-first heap   total 284672K, used 126381K [0x0000000080000000, 0x0000000100000000)
  region size 1024K, 2 young (2048K), 1 survivors (1024K)
 Metaspace       used 87094K, committed 87936K, reserved 1179648K
  class space    used 11895K, committed 12288K, reserved 1048576K
}
Event: 5.395 GC heap after
{Heap after GC invocations=45 (full 0):
 garbage-first heap   total 284672K, used 126637K [0x0000000080000000, 0x0000000100000000)
  region size 1024K, 2 young (2048K), 2 survivors (2048K)
 Metaspace       used 87094K, committed 87936K, reserved 1179648K
  class space    used 11895K, committed 12288K, reserved 1048576K
}
Event: 5.405 GC heap before
{Heap before GC invocations=45 (full 0):
 garbage-first heap   total 284672K, used 132781K [0x0000000080000000, 0x0000000100000000)
  region size 1024K, 3 young (3072K), 2 survivors (2048K)
 Metaspace       used 87094K, committed 87936K, reserved 1179648K
  class space    used 11895K, committed 12288K, reserved 1048576K
}
Event: 5.406 GC heap after
{Heap after GC invocations=46 (full 0):
 garbage-first heap   total 284672K, used 133369K [0x0000000080000000, 0x0000000100000000)
  region size 1024K, 2 young (2048K), 2 survivors (2048K)
 Metaspace       used 87094K, committed 87936K, reserved 1179648K
  class space    used 11895K, committed 12288K, reserved 1048576K
}
Event: 5.700 GC heap before
{Heap before GC invocations=47 (full 0):
 garbage-first heap   total 284672K, used 204025K [0x0000000080000000, 0x0000000100000000)
  region size 1024K, 65 young (66560K), 2 survivors (2048K)
 Metaspace       used 91577K, committed 92352K, reserved 1179648K
  class space    used 12628K, committed 12992K, reserved 1048576K
}
Event: 5.703 GC heap after
{Heap after GC invocations=48 (full 0):
 garbage-first heap   total 284672K, used 145377K [0x0000000080000000, 0x0000000100000000)
  region size 1024K, 8 young (8192K), 8 survivors (8192K)
 Metaspace       used 91577K, committed 92352K, reserved 1179648K
  class space    used 12628K, committed 12992K, reserved 1048576K
}
Event: 5.833 GC heap before
{Heap before GC invocations=48 (full 0):
 garbage-first heap   total 284672K, used 175073K [0x0000000080000000, 0x0000000100000000)
  region size 1024K, 38 young (38912K), 8 survivors (8192K)
 Metaspace       used 93274K, committed 94080K, reserved 1179648K
  class space    used 12877K, committed 13248K, reserved 1048576K
}
Event: 5.835 GC heap after
{Heap after GC invocations=49 (full 0):
 garbage-first heap   total 284672K, used 146278K [0x0000000080000000, 0x0000000100000000)
  region size 1024K, 2 young (2048K), 2 survivors (2048K)
 Metaspace       used 93274K, committed 94080K, reserved 1179648K
  class space    used 12877K, committed 13248K, reserved 1048576K
}
Event: 6.184 GC heap before
{Heap before GC invocations=50 (full 0):
 garbage-first heap   total 284672K, used 213862K [0x0000000080000000, 0x0000000100000000)
  region size 1024K, 67 young (68608K), 2 survivors (2048K)
 Metaspace       used 97948K, committed 98816K, reserved 1179648K
  class space    used 13450K, committed 13888K, reserved 1048576K
}
Event: 6.187 GC heap after
{Heap after GC invocations=51 (full 0):
 garbage-first heap   total 284672K, used 150945K [0x0000000080000000, 0x0000000100000000)
  region size 1024K, 6 young (6144K), 6 survivors (6144K)
 Metaspace       used 97948K, committed 98816K, reserved 1179648K
  class space    used 13450K, committed 13888K, reserved 1048576K
}
Event: 6.337 GC heap before
{Heap before GC invocations=51 (full 0):
 garbage-first heap   total 284672K, used 184737K [0x0000000080000000, 0x0000000100000000)
  region size 1024K, 41 young (41984K), 6 survivors (6144K)
 Metaspace       used 100719K, committed 101568K, reserved 1179648K
  class space    used 13784K, committed 14208K, reserved 1048576K
}
Event: 6.339 GC heap after
{Heap after GC invocations=52 (full 0):
 garbage-first heap   total 284672K, used 153933K [0x0000000080000000, 0x0000000100000000)
  region size 1024K, 7 young (7168K), 7 survivors (7168K)
 Metaspace       used 100719K, committed 101568K, reserved 1179648K
  class space    used 13784K, committed 14208K, reserved 1048576K
}
Event: 6.692 GC heap before
{Heap before GC invocations=53 (full 0):
 garbage-first heap   total 284672K, used 224589K [0x0000000080000000, 0x0000000100000000)
  region size 1024K, 74 young (75776K), 7 survivors (7168K)
 Metaspace       used 108182K, committed 109056K, reserved 1179648K
  class space    used 14724K, committed 15168K, reserved 1048576K
}
Event: 6.696 GC heap after
{Heap after GC invocations=54 (full 0):
 garbage-first heap   total 564224K, used 156171K [0x0000000080000000, 0x0000000100000000)
  region size 1024K, 5 young (5120K), 5 survivors (5120K)
 Metaspace       used 108182K, committed 109056K, reserved 1179648K
  class space    used 14724K, committed 15168K, reserved 1048576K
}
Event: 6.811 GC heap before
{Heap before GC invocations=54 (full 0):
 garbage-first heap   total 564224K, used 178699K [0x0000000080000000, 0x0000000100000000)
  region size 1024K, 27 young (27648K), 5 survivors (5120K)
 Metaspace       used 110298K, committed 111168K, reserved 1179648K
  class space    used 14926K, committed 15360K, reserved 1048576K
}
Event: 6.814 GC heap after
{Heap after GC invocations=55 (full 0):
 garbage-first heap   total 564224K, used 158024K [0x0000000080000000, 0x0000000100000000)
  region size 1024K, 3 young (3072K), 3 survivors (3072K)
 Metaspace       used 110298K, committed 111168K, reserved 1179648K
  class space    used 14926K, committed 15360K, reserved 1048576K
}

Deoptimization events (20 events):
Event: 6.818 Thread 0x00000197dbf979c0 Uncommon trap: trap_request=0xffffffd6 fr.pc=0x00000197882e2438 relative=0x0000000000000378
Event: 6.818 Thread 0x00000197dbf979c0 Uncommon trap: reason=array_check action=maybe_recompile pc=0x00000197882e2438 method=java.util.AbstractCollection.toArray([Ljava/lang/Object;)[Ljava/lang/Object; @ 116 c2
Event: 6.818 Thread 0x00000197dbf979c0 DEOPT PACKING pc=0x00000197882e2438 sp=0x0000001201cf3fb0
Event: 6.818 Thread 0x00000197dbf979c0 DEOPT UNPACKING pc=0x00000197874a23a3 sp=0x0000001201cf3f50 mode 2
Event: 6.853 Thread 0x00000197dbf979c0 Uncommon trap: trap_request=0xffffffde fr.pc=0x00000197882e2d40 relative=0x0000000000000040
Event: 6.853 Thread 0x00000197dbf979c0 Uncommon trap: reason=class_check action=maybe_recompile pc=0x00000197882e2d40 method=org.gradle.api.internal.artifacts.dependencies.DefaultImmutableVersionConstraint.of(Lorg/gradle/api/artifacts/VersionConstraint;)Lorg/gradle/api/internal/artifacts/Immut
Event: 6.853 Thread 0x00000197dbf979c0 DEOPT PACKING pc=0x00000197882e2d40 sp=0x0000001201cf6b20
Event: 6.853 Thread 0x00000197dbf979c0 DEOPT UNPACKING pc=0x00000197874a23a3 sp=0x0000001201cf6ac0 mode 2
Event: 6.853 Thread 0x00000197dbf979c0 Uncommon trap: trap_request=0xffffffde fr.pc=0x00000197882e2d40 relative=0x0000000000000040
Event: 6.853 Thread 0x00000197dbf979c0 Uncommon trap: reason=class_check action=maybe_recompile pc=0x00000197882e2d40 method=org.gradle.api.internal.artifacts.dependencies.DefaultImmutableVersionConstraint.of(Lorg/gradle/api/artifacts/VersionConstraint;)Lorg/gradle/api/internal/artifacts/Immut
Event: 6.853 Thread 0x00000197dbf979c0 DEOPT PACKING pc=0x00000197882e2d40 sp=0x0000001201cf6b20
Event: 6.853 Thread 0x00000197dbf979c0 DEOPT UNPACKING pc=0x00000197874a23a3 sp=0x0000001201cf6ac0 mode 2
Event: 6.853 Thread 0x00000197dbf979c0 Uncommon trap: trap_request=0xffffffde fr.pc=0x00000197882e2d40 relative=0x0000000000000040
Event: 6.853 Thread 0x00000197dbf979c0 Uncommon trap: reason=class_check action=maybe_recompile pc=0x00000197882e2d40 method=org.gradle.api.internal.artifacts.dependencies.DefaultImmutableVersionConstraint.of(Lorg/gradle/api/artifacts/VersionConstraint;)Lorg/gradle/api/internal/artifacts/Immut
Event: 6.853 Thread 0x00000197dbf979c0 DEOPT PACKING pc=0x00000197882e2d40 sp=0x0000001201cf6b20
Event: 6.853 Thread 0x00000197dbf979c0 DEOPT UNPACKING pc=0x00000197874a23a3 sp=0x0000001201cf6ac0 mode 2
Event: 6.853 Thread 0x00000197dbf979c0 Uncommon trap: trap_request=0xffffffde fr.pc=0x00000197882e2d40 relative=0x0000000000000040
Event: 6.853 Thread 0x00000197dbf979c0 Uncommon trap: reason=class_check action=maybe_recompile pc=0x00000197882e2d40 method=org.gradle.api.internal.artifacts.dependencies.DefaultImmutableVersionConstraint.of(Lorg/gradle/api/artifacts/VersionConstraint;)Lorg/gradle/api/internal/artifacts/Immut
Event: 6.853 Thread 0x00000197dbf979c0 DEOPT PACKING pc=0x00000197882e2d40 sp=0x0000001201cf6b20
Event: 6.853 Thread 0x00000197dbf979c0 DEOPT UNPACKING pc=0x00000197874a23a3 sp=0x0000001201cf6ac0 mode 2

Classes unloaded (0 events):
No events

Classes redefined (0 events):
No events

Internal exceptions (20 events):
Event: 6.293 Thread 0x00000197db2ae910 Exception <a 'java/lang/NoSuchMethodError'{0x000000008f932e88}: static Lorg/jetbrains/plugins/gradle/tooling/internal/jar/JarTaskManifestConfigurationImpl;.<clinit>()V> (0x000000008f932e88) 
thrown [s\open\src\hotspot\share\prims\jni.cpp, line 1112]
Event: 6.293 Thread 0x00000197db2ae910 Exception <a 'java/lang/NoSuchMethodError'{0x000000008f93b4a0}: static Lorg/jetbrains/kotlin/android/synthetic/idea/AndroidExtensionsGradleModelImpl;.<clinit>()V> (0x000000008f93b4a0) 
thrown [s\open\src\hotspot\share\prims\jni.cpp, line 1112]
Event: 6.294 Thread 0x00000197db2ae910 Exception <a 'java/lang/NoSuchMethodError'{0x000000008f943cd0}: static Lorg/jetbrains/kotlin/idea/gradleTooling/model/parcelize/ParcelizeGradleModelImpl;.<clinit>()V> (0x000000008f943cd0) 
thrown [s\open\src\hotspot\share\prims\jni.cpp, line 1112]
Event: 6.294 Thread 0x00000197db2ae910 Exception <a 'java/lang/NoSuchMethodError'{0x000000008f94beb0}: static Lorg/jetbrains/kotlin/idea/gradleTooling/model/assignment/AssignmentModelImpl;.<clinit>()V> (0x000000008f94beb0) 
thrown [s\open\src\hotspot\share\prims\jni.cpp, line 1112]
Event: 6.295 Thread 0x00000197db2ae910 Exception <a 'java/lang/NoSuchMethodError'{0x000000008f95b460}: static Lorg/jetbrains/kotlin/idea/gradleTooling/model/samWithReceiver/SamWithReceiverModelImpl;.<clinit>()V> (0x000000008f95b460) 
thrown [s\open\src\hotspot\share\prims\jni.cpp, line 1112]
Event: 6.295 Thread 0x00000197db2ae910 Exception <a 'java/lang/NoSuchMethodError'{0x000000008f963fd8}: static Lorg/jetbrains/kotlin/idea/gradleTooling/model/noarg/NoArgModelImpl;.<clinit>()V> (0x000000008f963fd8) 
thrown [s\open\src\hotspot\share\prims\jni.cpp, line 1112]
Event: 6.296 Thread 0x00000197db2ae910 Exception <a 'java/lang/NoSuchMethodError'{0x000000008f96cb80}: static Lorg/jetbrains/kotlin/idea/gradleTooling/model/allopen/AllOpenModelImpl;.<clinit>()V> (0x000000008f96cb80) 
thrown [s\open\src\hotspot\share\prims\jni.cpp, line 1112]
Event: 6.303 Thread 0x00000197db2ae910 Exception <a 'java/lang/NoSuchMethodError'{0x000000008f816498}: static Lorg/jetbrains/plugins/gradle/tooling/internal/VersionCatalogsModelImpl;.<clinit>()V> (0x000000008f816498) 
thrown [s\open\src\hotspot\share\prims\jni.cpp, line 1112]
Event: 6.323 Thread 0x00000197db2ae910 Exception <a 'java/lang/NoSuchMethodError'{0x000000008f6a4a10}: static Lorg/jetbrains/plugins/gradle/tooling/serialization/internal/adapter/kotlin/dsl/InternalKotlinDslScriptsModel;.<clinit>()V> (0x000000008f6a4a10) 
thrown [s\open\src\hotspot\share\prims\jni.cpp, line 1112]
Event: 6.383 Thread 0x00000197dbf979c0 Exception <a 'java/lang/NoSuchMethodError'{0x0000000090ca2a78}: 'java.lang.Object java.lang.invoke.DirectMethodHandle$Holder.invokeStatic(java.lang.Object, int, java.lang.Object)'> (0x0000000090ca2a78) 
thrown [s\open\src\hotspot\share\interpreter\linkResolver.cpp, line 759]
Event: 6.444 Thread 0x00000197dbf979c0 Exception <a 'sun/nio/fs/WindowsException'{0x00000000903c1310}> (0x00000000903c1310) 
thrown [s\open\src\hotspot\share\prims\jni.cpp, line 516]
Event: 6.460 Thread 0x00000197dbf979c0 Exception <a 'sun/nio/fs/WindowsException'{0x000000008ff27a18}> (0x000000008ff27a18) 
thrown [s\open\src\hotspot\share\prims\jni.cpp, line 516]
Event: 6.460 Thread 0x00000197dbf979c0 Exception <a 'sun/nio/fs/WindowsException'{0x000000008ff29048}> (0x000000008ff29048) 
thrown [s\open\src\hotspot\share\prims\jni.cpp, line 516]
Event: 6.460 Thread 0x00000197dbf979c0 Exception <a 'sun/nio/fs/WindowsException'{0x000000008ff2a6c8}> (0x000000008ff2a6c8) 
thrown [s\open\src\hotspot\share\prims\jni.cpp, line 516]
Event: 6.460 Thread 0x00000197dbf979c0 Exception <a 'sun/nio/fs/WindowsException'{0x000000008ff2bd48}> (0x000000008ff2bd48) 
thrown [s\open\src\hotspot\share\prims\jni.cpp, line 516]
Event: 6.516 Thread 0x00000197dbf979c0 Exception <a 'java/lang/NullPointerException'{0x000000008f3665f0}> (0x000000008f3665f0) 
thrown [s\open\src\hotspot\share\interpreter\linkResolver.cpp, line 1433]
Event: 6.551 Thread 0x00000197dbf979c0 Implicit null exception at 0x0000019787d3944d to 0x0000019787d3a91c
Event: 6.659 Thread 0x00000197dbf979c0 Implicit null exception at 0x0000019787d3e403 to 0x0000019787d3eab4
Event: 6.666 Thread 0x00000197dbf979c0 Exception <a 'java/lang/NoSuchMethodError'{0x000000008cf2c328}: 'void java.lang.invoke.DirectMethodHandle$Holder.invokeSpecial(java.lang.Object, java.lang.Object, java.lang.Object, java.lang.Object, int, java.lang.Object, java.lang.Object)'> (0x000000008cf2c328) 
thrown [s\open\src\hotspot\share\interpreter\linkResolver.cpp, line 759]
Event: 6.696 Thread 0x00000197ff32f160 Implicit null exception at 0x000001978805fbfd to 0x0000019788060210

VM Operations (20 events):
Event: 6.361 Executing VM operation: G1Concurrent
Event: 6.362 Executing VM operation: G1Concurrent done
Event: 6.494 Executing VM operation: HandshakeAllThreads
Event: 6.494 Executing VM operation: HandshakeAllThreads done
Event: 6.553 Executing VM operation: HandshakeAllThreads
Event: 6.553 Executing VM operation: HandshakeAllThreads done
Event: 6.606 Executing VM operation: ICBufferFull
Event: 6.606 Executing VM operation: ICBufferFull done
Event: 6.622 Executing VM operation: HandshakeAllThreads
Event: 6.622 Executing VM operation: HandshakeAllThreads done
Event: 6.636 Executing VM operation: HandshakeAllThreads
Event: 6.636 Executing VM operation: HandshakeAllThreads done
Event: 6.691 Executing VM operation: G1CollectForAllocation
Event: 6.696 Executing VM operation: G1CollectForAllocation done
Event: 6.811 Executing VM operation: G1CollectForAllocation
Event: 6.814 Executing VM operation: G1CollectForAllocation done
Event: 6.842 Executing VM operation: HandshakeAllThreads
Event: 6.842 Executing VM operation: HandshakeAllThreads done
Event: 6.848 Executing VM operation: ICBufferFull
Event: 6.848 Executing VM operation: ICBufferFull done

Events (20 events):
Event: 6.679 loading class javax/xml/stream/events/Attribute done
Event: 6.679 loading class javax/xml/stream/events/Namespace done
Event: 6.679 loading class com/sun/xml/internal/stream/events/AttributeImpl
Event: 6.679 loading class com/sun/xml/internal/stream/events/AttributeImpl done
Event: 6.679 loading class com/sun/xml/internal/stream/events/NamespaceImpl done
Event: 6.679 loading class com/sun/org/apache/xerces/internal/util/NamespaceSupport$Prefixes
Event: 6.679 loading class com/sun/org/apache/xerces/internal/util/NamespaceSupport$Prefixes done
Event: 6.679 loading class com/sun/xml/internal/stream/events/CharacterEvent
Event: 6.679 loading class javax/xml/stream/events/Characters
Event: 6.679 loading class javax/xml/stream/events/Characters done
Event: 6.679 loading class com/sun/xml/internal/stream/events/CharacterEvent done
Event: 6.679 loading class com/sun/xml/internal/stream/events/EndElementEvent
Event: 6.679 loading class javax/xml/stream/events/EndElement
Event: 6.679 loading class javax/xml/stream/events/EndElement done
Event: 6.679 loading class com/sun/xml/internal/stream/events/EndElementEvent done
Event: 6.797 loading class java/io/SequenceInputStream
Event: 6.797 loading class java/io/SequenceInputStream done
Event: 6.844 Thread 0x00000197ffcdcb50 flushing nmethod 0x0000019787ee8f90
Event: 6.844 Thread 0x00000197ffcdcb50 flushing nmethod 0x000001978807e690
Event: 6.848 Thread 0x00000197ffcdcb50 flushing nmethod 0x00000197805c3210


Dynamic libraries:
0x00007ff6b8340000 - 0x00007ff6b8350000 	C:\Server\Java\Jdk17.0.12\bin\java.exe
0x00007ffaccda0000 - 0x00007ffacd003000 	C:\Windows\SYSTEM32\ntdll.dll
0x00007ffacbf80000 - 0x00007ffacc048000 	C:\Windows\System32\KERNEL32.DLL
0x00007ffaca7b0000 - 0x00007ffacab62000 	C:\Windows\System32\KERNELBASE.dll
0x00007ffaca2a0000 - 0x00007ffaca3eb000 	C:\Windows\System32\ucrtbase.dll
0x00007ffaa49e0000 - 0x00007ffaa49f9000 	C:\Server\Java\Jdk17.0.12\bin\jli.dll
0x00007ffaa3040000 - 0x00007ffaa305b000 	C:\Server\Java\Jdk17.0.12\bin\VCRUNTIME140.dll
0x00007ffacb990000 - 0x00007ffacba44000 	C:\Windows\System32\ADVAPI32.dll
0x00007ffacc370000 - 0x00007ffacc419000 	C:\Windows\System32\msvcrt.dll
0x00007ffacbd10000 - 0x00007ffacbdb6000 	C:\Windows\System32\sechost.dll
0x00007ffacbbf0000 - 0x00007ffacbd06000 	C:\Windows\System32\RPCRT4.dll
0x00007ffaccb90000 - 0x00007ffaccd58000 	C:\Windows\System32\USER32.dll
0x00007ffaca490000 - 0x00007ffaca4b7000 	C:\Windows\System32\win32u.dll
0x00007ffaccab0000 - 0x00007ffaccada000 	C:\Windows\System32\GDI32.dll
0x00007ffab0960000 - 0x00007ffab0bf0000 	C:\Windows\WinSxS\amd64_microsoft.windows.common-controls_6595b64144ccf1df_6.0.26100.2454_none_3e0b68a2e331ad60\COMCTL32.dll
0x00007ffaca170000 - 0x00007ffaca29b000 	C:\Windows\System32\gdi32full.dll
0x00007ffaca640000 - 0x00007ffaca6e3000 	C:\Windows\System32\msvcp_win.dll
0x00007ffac0c70000 - 0x00007ffac0c7b000 	C:\Windows\SYSTEM32\VERSION.dll
0x00007ffacc050000 - 0x00007ffacc07f000 	C:\Windows\System32\IMM32.DLL
0x00007ffac0610000 - 0x00007ffac061c000 	C:\Server\Java\Jdk17.0.12\bin\vcruntime140_1.dll
0x00007ffa89390000 - 0x00007ffa8941e000 	C:\Server\Java\Jdk17.0.12\bin\msvcp140.dll
0x00007ffa00190000 - 0x00007ffa00d70000 	C:\Server\Java\Jdk17.0.12\bin\server\jvm.dll
0x00007ffacc2d0000 - 0x00007ffacc2d8000 	C:\Windows\System32\PSAPI.DLL
0x00007ffac4640000 - 0x00007ffac464a000 	C:\Windows\SYSTEM32\WSOCK32.dll
0x00007ffabeb10000 - 0x00007ffabeb46000 	C:\Windows\SYSTEM32\WINMM.dll
0x00007ffacbf00000 - 0x00007ffacbf74000 	C:\Windows\System32\WS2_32.dll
0x00007ffac9020000 - 0x00007ffac903a000 	C:\Windows\SYSTEM32\kernel.appcore.dll
0x00007ffab8bd0000 - 0x00007ffab8bda000 	C:\Server\Java\Jdk17.0.12\bin\jimage.dll
0x00007ffac71a0000 - 0x00007ffac73e1000 	C:\Windows\SYSTEM32\DBGHELP.DLL
0x00007ffacc420000 - 0x00007ffacc79e000 	C:\Windows\System32\combase.dll
0x00007ffacc1f0000 - 0x00007ffacc2c6000 	C:\Windows\System32\OLEAUT32.dll
0x00007ffaafde0000 - 0x00007ffaafe19000 	C:\Windows\SYSTEM32\dbgcore.DLL
0x00007ffaca3f0000 - 0x00007ffaca489000 	C:\Windows\System32\bcryptPrimitives.dll
0x00007ffab78f0000 - 0x00007ffab78fe000 	C:\Server\Java\Jdk17.0.12\bin\instrument.dll
0x00007ffa9fef0000 - 0x00007ffa9ff15000 	C:\Server\Java\Jdk17.0.12\bin\java.dll
0x00007ffa836f0000 - 0x00007ffa837c7000 	C:\Server\Java\Jdk17.0.12\bin\jsvml.dll
0x00007ffacac90000 - 0x00007ffacb390000 	C:\Windows\System32\SHELL32.dll
0x00007ffac7ea0000 - 0x00007ffac86d1000 	C:\Windows\SYSTEM32\windows.storage.dll
0x00007ffacc7b0000 - 0x00007ffacc88a000 	C:\Windows\System32\SHCORE.dll
0x00007ffacb930000 - 0x00007ffacb98d000 	C:\Windows\System32\shlwapi.dll
0x00007ffaca080000 - 0x00007ffaca0ae000 	C:\Windows\SYSTEM32\profapi.dll
0x00007ffa9f490000 - 0x00007ffa9f4a8000 	C:\Server\Java\Jdk17.0.12\bin\zip.dll
0x00007ffa9f460000 - 0x00007ffa9f479000 	C:\Server\Java\Jdk17.0.12\bin\net.dll
0x00007ffac4bf0000 - 0x00007ffac4d16000 	C:\Windows\SYSTEM32\WINHTTP.dll
0x00007ffac95c0000 - 0x00007ffac9628000 	C:\Windows\system32\mswsock.dll
0x00007ffa9ca30000 - 0x00007ffa9ca46000 	C:\Server\Java\Jdk17.0.12\bin\nio.dll
0x00007ffab08c0000 - 0x00007ffab08d0000 	C:\Server\Java\Jdk17.0.12\bin\verify.dll
0x00007ffaad310000 - 0x00007ffaad337000 	D:\Android\.gradle\native\c067742578af261105cb4f569cf0c3c89f3d7b1fecec35dd04571415982c5e48\windows-amd64\native-platform.dll
0x00007ffa5d7d0000 - 0x00007ffa5d914000 	D:\Android\.gradle\native\38dada09dfb8b06ba9b0570ebf7e218e3eb74d4ef43ca46872605cf95ebc2f47\windows-amd64\native-platform-file-events.dll
0x00007ffaa9160000 - 0x00007ffaa916a000 	C:\Server\Java\Jdk17.0.12\bin\management.dll
0x00007ffaa71e0000 - 0x00007ffaa71eb000 	C:\Server\Java\Jdk17.0.12\bin\management_ext.dll
0x00007ffac9870000 - 0x00007ffac988c000 	C:\Windows\SYSTEM32\CRYPTSP.dll
0x00007ffac9040000 - 0x00007ffac9078000 	C:\Windows\system32\rsaenh.dll
0x00007ffac9660000 - 0x00007ffac968b000 	C:\Windows\SYSTEM32\USERENV.dll
0x00007ffac9aa0000 - 0x00007ffac9ac6000 	C:\Windows\SYSTEM32\bcrypt.dll
0x00007ffac9860000 - 0x00007ffac986c000 	C:\Windows\SYSTEM32\CRYPTBASE.dll
0x00007ffac8b30000 - 0x00007ffac8b62000 	C:\Windows\SYSTEM32\IPHLPAPI.DLL
0x00007ffacbdc0000 - 0x00007ffacbdca000 	C:\Windows\System32\NSI.dll
0x00007ffac4e90000 - 0x00007ffac4eae000 	C:\Windows\SYSTEM32\dhcpcsvc6.DLL
0x00007ffac4d70000 - 0x00007ffac4d95000 	C:\Windows\SYSTEM32\dhcpcsvc.DLL
0x00007ffac8c00000 - 0x00007ffac8d25000 	C:\Windows\SYSTEM32\DNSAPI.dll
0x00007ffaa4780000 - 0x00007ffaa478e000 	C:\Server\Java\Jdk17.0.12\bin\sunmscapi.dll
0x00007ffaca4c0000 - 0x00007ffaca636000 	C:\Windows\System32\CRYPT32.dll
0x00007ffac9a60000 - 0x00007ffac9a90000 	C:\Windows\SYSTEM32\ncrypt.dll
0x00007ffac9a10000 - 0x00007ffac9a4f000 	C:\Windows\SYSTEM32\NTASN1.dll
0x00007ffa87d70000 - 0x00007ffa87d78000 	C:\Windows\system32\wshunix.dll

dbghelp: loaded successfully - version: 4.0.5 - missing functions: none
symbol engine: initialized successfully - sym options: 0x614 - pdb path: .;C:\Server\Java\Jdk17.0.12\bin;C:\Windows\SYSTEM32;C:\Windows\WinSxS\amd64_microsoft.windows.common-controls_6595b64144ccf1df_6.0.26100.2454_none_3e0b68a2e331ad60;C:\Server\Java\Jdk17.0.12\bin\server;D:\Android\.gradle\native\c067742578af261105cb4f569cf0c3c89f3d7b1fecec35dd04571415982c5e48\windows-amd64;D:\Android\.gradle\native\38dada09dfb8b06ba9b0570ebf7e218e3eb74d4ef43ca46872605cf95ebc2f47\windows-amd64

VM Arguments:
jvm_args: --add-opens=java.base/java.util.concurrent.atomic=ALL-UNNAMED --add-opens=java.base/java.util=ALL-UNNAMED --add-opens=java.base/java.lang=ALL-UNNAMED --add-opens=java.base/java.lang.invoke=ALL-UNNAMED --add-opens=java.prefs/java.util.prefs=ALL-UNNAMED --add-opens=java.base/java.nio.charset=ALL-UNNAMED --add-opens=java.base/java.net=ALL-UNNAMED --add-opens=java.base/java.util.concurrent.atomic=ALL-UNNAMED -Xmx2048m -Dfile.encoding=UTF-8 -Duser.country=CN -Duser.language=zh -Duser.variant -javaagent:D:\Android\.gradle\wrapper\dists\gradle-8.7-bin\bhs2wmbdwecv87pi65oeuq5iu\gradle-8.7\lib\agents\gradle-instrumentation-agent-8.7.jar 
java_command: org.gradle.launcher.daemon.bootstrap.GradleDaemon 8.7
java_class_path (initial): D:\Android\.gradle\wrapper\dists\gradle-8.7-bin\bhs2wmbdwecv87pi65oeuq5iu\gradle-8.7\lib\gradle-launcher-8.7.jar
Launcher Type: SUN_STANDARD

[Global flags]
     intx CICompilerCount                          = 12                                        {product} {ergonomic}
     uint ConcGCThreads                            = 5                                         {product} {ergonomic}
     uint G1ConcRefinementThreads                  = 18                                        {product} {ergonomic}
   size_t G1HeapRegionSize                         = 1048576                                   {product} {ergonomic}
    uintx GCDrainStackTargetSize                   = 64                                        {product} {ergonomic}
   size_t InitialHeapSize                          = 534773760                                 {product} {ergonomic}
   size_t MarkStackSize                            = 4194304                                   {product} {ergonomic}
   size_t MaxHeapSize                              = 2147483648                                {product} {command line}
   size_t MaxNewSize                               = 1287651328                                {product} {ergonomic}
   size_t MinHeapDeltaBytes                        = 1048576                                   {product} {ergonomic}
   size_t MinHeapSize                              = 8388608                                   {product} {ergonomic}
    uintx NonNMethodCodeHeapSize                   = 7602480                                {pd product} {ergonomic}
    uintx NonProfiledCodeHeapSize                  = 122027880                              {pd product} {ergonomic}
    uintx ProfiledCodeHeapSize                     = 122027880                              {pd product} {ergonomic}
    uintx ReservedCodeCacheSize                    = 251658240                              {pd product} {ergonomic}
     bool SegmentedCodeCache                       = true                                      {product} {ergonomic}
   size_t SoftMaxHeapSize                          = 2147483648                             {manageable} {ergonomic}
     bool UseCompressedClassPointers               = true                           {product lp64_product} {ergonomic}
     bool UseCompressedOops                        = true                           {product lp64_product} {ergonomic}
     bool UseG1GC                                  = true                                      {product} {ergonomic}
     bool UseLargePagesIndividualAllocation        = false                                  {pd product} {ergonomic}

Logging:
Log output configuration:
 #0: stdout all=warning uptime,level,tags
 #1: stderr all=off uptime,level,tags

Environment Variables:
JAVA_HOME=C:\Server\Java\Jdk17.0.12
CLASSPATH=.;C:\Server\Java\Jdk17.0.12\lib\dt.jar;C:\Server\Java\Jdk17.0.12\lib\tools.jar
PATH=C:\Windows\system32;C:\Windows;C:\Server\Java\Jdk17.0.12\bin;C:\Server\Java\Jdk17.0.12\jre\bin;C:\Windows\System32\Wbem;C:\Windows\System32\WindowsPowerShell\v1.0\;C:\Windows\System32\OpenSSH\;C:\Program Files (x86)\NVIDIA Corporation\PhysX\Common;C:\Program Files\dotnet\;D:\Maven\apache-maven-3.8.1\bin;C:\Program Files (x86)\NetSarang\Xshell 8\;C:\Program Files (x86)\NetSarang\Xftp 8\;C:\Program Files\Git\bin;C:\Server\node-v20.18.0;C:\Server\node-v20.18.0\node-global;C:\Program Files\NVIDIA Corporation\NVIDIA app\NvDLISR;C:\Program Files\Calibre2\;C:\Server\flutter-3.24.4\bin;C:\Users\Cheng\AppData\Local\Android\Sdk\platform-tools;C:\Server\Python3.13;C:\Server\Python3.13\Scripts;C:\Users\Cheng\AppData\Local\Programs\Python\Launcher\;C:\Users\Cheng\AppData\Local\Microsoft\WindowsApps;C:\Program Files\Bandizip\;C:\Users\Cheng\AppData\Local\JetBrains\Toolbox\scripts;C:\Users\Cheng\AppData\Local\Programs\Microsoft VS Code\bin
USERNAME=Cheng
OS=Windows_NT
PROCESSOR_IDENTIFIER=Intel64 Family 6 Model 183 Stepping 1, GenuineIntel



---------------  S Y S T E M  ---------------

OS:
 Windows 11 , 64 bit Build 26100 (10.0.26100.2454)
OS uptime: 1 days 21:26 hours

CPU: total 24 (initial active 24) (12 cores per cpu, 2 threads per core) family 6 model 183 stepping 1 microcode 0x127, cx8, cmov, fxsr, ht, mmx, 3dnowpref, sse, sse2, sse3, ssse3, sse4.1, sse4.2, popcnt, lzcnt, tsc, tscinvbit, avx, avx2, aes, erms, clmul, bmi1, bmi2, adx, sha, fma, vzeroupper, clflush, clflushopt, clwb

Memory: 4k page, system-wide physical 32559M (6502M free)
TotalPageFile size 32559M (AvailPageFile size 57M)
current process WorkingSet (physical memory assigned to process): 631M, peak: 631M
current process commit charge ("private bytes"): 951M, peak: 952M

vm_info: Java HotSpot(TM) 64-Bit Server VM (17.0.12+8-LTS-286) for windows-amd64 JRE (17.0.12+8-LTS-286), built on Jun  5 2024 06:46:59 by "mach5one" with MS VC++ 17.6 (VS2022)

END.
