#
# There is insufficient memory for the Java Runtime Environment to continue.
# Native memory allocation (mmap) failed to map 247463936 bytes for G1 virtual space
# Possible reasons:
#   The system is out of physical RAM or swap space
#   The process is running with CompressedOops enabled, and the Java Heap may be blocking the growth of the native heap
# Possible solutions:
#   Reduce memory load on the system
#   Increase physical memory or swap space
#   Check if swap backing store is full
#   Decrease Java heap size (-Xmx/-Xms)
#   Decrease number of Java threads
#   Decrease Java thread stack sizes (-Xss)
#   Set larger code cache with -XX:ReservedCodeCacheSize=
#   JVM is running with Unscaled Compressed Oops mode in which the Java heap is
#     placed in the first 4GB address space. The Java Heap base address is the
#     maximum limit for the native heap growth. Please use -XX:HeapBaseMinAddress
#     to set the Java Heap base and to place the Java Heap above 4GB virtual address.
# This output file may be truncated or incomplete.
#
#  Out of Memory Error (os_windows.cpp:3548), pid=33344, tid=40004
#
# JRE version: Java(TM) SE Runtime Environment (17.0.12+8) (build 17.0.12+8-LTS-286)
# Java VM: Java HotSpot(TM) 64-Bit Server VM (17.0.12+8-LTS-286, mixed mode, sharing, tiered, compressed oops, compressed class ptrs, g1 gc, windows-amd64)
# No core dump will be written. Minidumps are not enabled by default on client versions of Windows
#

---------------  S U M M A R Y ------------

Command Line: --add-opens=java.base/java.util.concurrent.atomic=ALL-UNNAMED --add-opens=java.base/java.util=ALL-UNNAMED --add-opens=java.base/java.lang=ALL-UNNAMED --add-opens=java.base/java.lang.invoke=ALL-UNNAMED --add-opens=java.prefs/java.util.prefs=ALL-UNNAMED --add-opens=java.base/java.nio.charset=ALL-UNNAMED --add-opens=java.base/java.net=ALL-UNNAMED --add-opens=java.base/java.util.concurrent.atomic=ALL-UNNAMED -Xmx2048m -Dfile.encoding=UTF-8 -Duser.country=CN -Duser.language=zh -Duser.variant -javaagent:D:\Android\.gradle\wrapper\dists\gradle-8.7-bin\bhs2wmbdwecv87pi65oeuq5iu\gradle-8.7\lib\agents\gradle-instrumentation-agent-8.7.jar org.gradle.launcher.daemon.bootstrap.GradleDaemon 8.7

Host: Intel(R) Core(TM) i7-14650HX, 24 cores, 31G,  Windows 11 , 64 bit Build 26100 (10.0.26100.2454)
Time: Mon Jan  6 17:51:47 2025  Windows 11 , 64 bit Build 26100 (10.0.26100.2454) elapsed time: 9.133894 seconds (0d 0h 0m 9s)

---------------  T H R E A D  ---------------

Current thread (0x00000201ed3bf840):  VMThread "VM Thread" [stack: 0x0000004e37500000,0x0000004e37600000] [id=40004]

Stack: [0x0000004e37500000,0x0000004e37600000]
Native frames: (J=compiled Java code, j=interpreted, Vv=VM code, C=native code)
V  [jvm.dll+0x67a04a]
V  [jvm.dll+0x7da4ed]
V  [jvm.dll+0x7dbe33]
V  [jvm.dll+0x7dc4a3]
V  [jvm.dll+0x24508f]
V  [jvm.dll+0x677089]
V  [jvm.dll+0x66bd32]
V  [jvm.dll+0x301fa6]
V  [jvm.dll+0x309546]
V  [jvm.dll+0x359d2e]
V  [jvm.dll+0x359f5f]
V  [jvm.dll+0x2d9078]
V  [jvm.dll+0x2d74ad]
V  [jvm.dll+0x2d6afc]
V  [jvm.dll+0x31a65b]
V  [jvm.dll+0x7e0d9b]
V  [jvm.dll+0x7e1ad4]
V  [jvm.dll+0x7e1fed]
V  [jvm.dll+0x7e23c4]
V  [jvm.dll+0x7e2490]
V  [jvm.dll+0x78abea]
V  [jvm.dll+0x678f35]
C  [ucrtbase.dll+0x14ea0]
C  [KERNEL32.DLL+0x2e8d7]
C  [ntdll.dll+0xdfbcc]

VM_Operation (0x0000004e39af72e0): G1CollectForAllocation, mode: safepoint, requested by thread 0x00000201f2f669d0


---------------  P R O C E S S  ---------------

Threads class SMR info:
_java_thread_list=0x00000201f840c210, length=238, elements={
0x00000201cdf75c30, 0x00000201ed3c3da0, 0x00000201ed3c4870, 0x00000201ed3dc510,
0x00000201ed956f50, 0x00000201ed957820, 0x00000201ed95a100, 0x00000201ed3e4ea0,
0x00000201ed3e57b0, 0x00000201ed95fc10, 0x00000201eda657c0, 0x00000201ed3b0790,
0x00000201eda6bec0, 0x00000201eda6c3e0, 0x00000201eda7cf40, 0x00000201edb48660,
0x00000201f2f65590, 0x00000201f2f65080, 0x00000201f2f64b70, 0x00000201f2f664c0,
0x00000201f2f64660, 0x00000201f2f65aa0, 0x00000201f2f669d0, 0x00000201f2f65fb0,
0x00000201f2f64150, 0x00000201f2f66ee0, 0x00000201f2f67900, 0x00000201f3e013d0,
0x00000201f3e02300, 0x00000201f3e009b0, 0x00000201f3e01df0, 0x00000201f3e02810,
0x00000201f3e02d20, 0x00000201f3e03230, 0x00000201f3dffa80, 0x00000201f3e03740,
0x00000201f3dfff90, 0x00000201f3e03c50, 0x00000201f3e004a0, 0x00000201f3e055a0,
0x00000201f3e05090, 0x00000201f3e04160, 0x00000201f3e064d0, 0x00000201f3e069e0,
0x00000201f3e05ab0, 0x00000201f3e04670, 0x00000201f3e04b80, 0x00000201f3e05fc0,
0x00000201f6ccccb0, 0x00000201f6ccc290, 0x00000201f6ccb870, 0x00000201f6ccb360,
0x00000201f6ccae50, 0x00000201f6ccbd80, 0x00000201f6cce0f0, 0x00000201f6cca940,
0x00000201f6ccd1c0, 0x00000201f6ccf020, 0x00000201f6ccfa40, 0x00000201f6cd0970,
0x00000201f6ccdbe0, 0x00000201f6ccd6d0, 0x00000201f6cd1390, 0x00000201f6cd18a0,
0x00000201f6cd1db0, 0x00000201f6cd22c0, 0x00000201f6b6e100, 0x00000201f6b6e610,
0x00000201f6b6eb20, 0x00000201f6b6f030, 0x00000201f6b6fa50, 0x00000201f6b6d1d0,
0x00000201f6b6dbf0, 0x00000201f6b70e90, 0x00000201f6b6d6e0, 0x00000201f6b74b50,
0x00000201f6b71dc0, 0x00000201f6b73c20, 0x00000201f6b722d0, 0x00000201f6b74130,
0x00000201f6b727e0, 0x00000201f6b73200, 0x00000201f6b713a0, 0x00000201f6b74640,
0x00000201f6b72cf0, 0x00000201f6b73710, 0x00000201f6b718b0, 0x00000201f8731680,
0x00000201f87334e0, 0x00000201f8732ac0, 0x00000201f872fd30, 0x00000201f8730240,
0x00000201f8730750, 0x00000201f8730c60, 0x00000201f8731b90, 0x00000201f87320a0,
0x00000201f87325b0, 0x00000201f8732fd0, 0x00000201f7413340, 0x00000201f7413850,
0x00000201f74114e0, 0x00000201f7412e30, 0x00000201f7412410, 0x00000201f7414270,
0x00000201f7411f00, 0x00000201f74119f0, 0x00000201f7414780, 0x00000201f7413d60,
0x00000201f7410fd0, 0x00000201f7414c90, 0x00000201f74151a0, 0x00000201f74156b0,
0x00000201f7415bc0, 0x00000201f74160d0, 0x00000201f7412920, 0x00000201f7418440,
0x00000201f74165e0, 0x00000201f7418950, 0x00000201fbee0680, 0x00000201f68865d0,
0x00000201fbee24e0, 0x00000201fbee15b0, 0x00000201f67e5a10, 0x00000201f67e5500,
0x00000201f67e45d0, 0x00000201f67e4ae0, 0x00000201f67e4ff0, 0x00000201fc25a930,
0x00000201fc25ae40, 0x00000201fc25bd70, 0x00000201fc25b860, 0x00000201fc25b350,
0x00000201fc25c280, 0x00000201f9a85060, 0x00000201f9a864a0, 0x00000201f9a878e0,
0x00000201f9a869b0, 0x00000201f83d0580, 0x00000201f83cec30, 0x00000201f83cf140,
0x00000201f83cf650, 0x00000201f83cfb60, 0x00000201f83d0070, 0x00000201f812c9b0,
0x00000201f812cec0, 0x00000201f4d89330, 0x00000201f67e5f20, 0x00000201f8a2f4d0,
0x00000201f8a2efc0, 0x00000201f688d010, 0x00000201f812d8e0, 0x00000201f812d3d0,
0x00000201f812b570, 0x00000201f812c4a0, 0x00000201f812bf90, 0x00000201f812e300,
0x00000201f812ddf0, 0x00000201f812e810, 0x00000201fbf7faa0, 0x00000201fbf81e10,
0x00000201fbf82830, 0x00000201fbf7f590, 0x00000201fbbe0bc0, 0x00000201fbbdfc90,
0x00000201fbbe06b0, 0x00000201f30f65b0, 0x00000201fbee4340, 0x00000201fbee0b90,
0x00000201f86257c0, 0x00000201f8624890, 0x00000201f86252b0, 0x00000201f8625cd0,
0x00000201f8624da0, 0x00000201f6889af0, 0x00000201f688dab0, 0x00000201f464f570,
0x00000201f7773c70, 0x00000201f7774690, 0x00000201f77755c0, 0x00000201f7775fe0,
0x00000201f7774180, 0x00000201f7774ba0, 0x00000201f77750b0, 0x00000201f7775ad0,
0x00000201f77764f0, 0x00000201f7772d40, 0x00000201f86268a0, 0x00000201f86272c0,
0x00000201f8626db0, 0x00000201f86277d0, 0x00000201f8627ce0, 0x00000201f86281f0,
0x00000201fcabd360, 0x00000201fcabfbe0, 0x00000201fcabf1c0, 0x00000201fcabf6d0,
0x00000201fcac0600, 0x00000201fbbdf270, 0x00000201f8c5a9d0, 0x00000201fcac0b10,
0x00000201fcabd870, 0x00000201fcac00f0, 0x00000201fcabdd80, 0x00000201fcabecb0,
0x00000201fcabe290, 0x00000201fcabe7a0, 0x00000201f72c6360, 0x00000201f72c5430,
0x00000201f72c5940, 0x00000201f72c6d80, 0x00000201f72c6870, 0x00000201f72c7290,
0x00000201f72c4a10, 0x00000201f72c4f20, 0x00000201f72c5e50, 0x00000201f72c77a0,
0x00000201f72c7cb0, 0x00000201f72c81c0, 0x00000201fcbcada0, 0x00000201fcbcdb30,
0x00000201fcbcd110, 0x00000201fcbccc00, 0x00000201fcbce040, 0x00000201fcbcc6f0,
0x00000201fcbcd620, 0x00000201fcbca890, 0x00000201fcbcb2b0, 0x00000201fcbcb7c0,
0x00000201fcbcbcd0, 0x00000201fcbcc1e0, 0x00000201f73c22f0, 0x00000201f73c1de0,
0x00000201f73c2800, 0x00000201f73c2d10, 0x00000201f73bfa70, 0x00000201f73c3220,
0x00000201f73c0490, 0x00000201f73bff80
}

Java Threads: ( => current thread )
  0x00000201cdf75c30 JavaThread "main" [_thread_blocked, id=43520, stack(0x0000004e36f00000,0x0000004e37000000)]
  0x00000201ed3c3da0 JavaThread "Reference Handler" daemon [_thread_blocked, id=24232, stack(0x0000004e37600000,0x0000004e37700000)]
  0x00000201ed3c4870 JavaThread "Finalizer" daemon [_thread_blocked, id=14784, stack(0x0000004e37700000,0x0000004e37800000)]
  0x00000201ed3dc510 JavaThread "Signal Dispatcher" daemon [_thread_blocked, id=34828, stack(0x0000004e37800000,0x0000004e37900000)]
  0x00000201ed956f50 JavaThread "Attach Listener" daemon [_thread_blocked, id=30148, stack(0x0000004e37900000,0x0000004e37a00000)]
  0x00000201ed957820 JavaThread "Service Thread" daemon [_thread_blocked, id=2100, stack(0x0000004e37a00000,0x0000004e37b00000)]
  0x00000201ed95a100 JavaThread "Monitor Deflation Thread" daemon [_thread_blocked, id=44396, stack(0x0000004e37b00000,0x0000004e37c00000)]
  0x00000201ed3e4ea0 JavaThread "C2 CompilerThread0" daemon [_thread_blocked, id=34640, stack(0x0000004e37c00000,0x0000004e37d00000)]
  0x00000201ed3e57b0 JavaThread "C1 CompilerThread0" daemon [_thread_blocked, id=11176, stack(0x0000004e37d00000,0x0000004e37e00000)]
  0x00000201ed95fc10 JavaThread "Sweeper thread" daemon [_thread_blocked, id=21428, stack(0x0000004e37e00000,0x0000004e37f00000)]
  0x00000201eda657c0 JavaThread "Common-Cleaner" daemon [_thread_blocked, id=21088, stack(0x0000004e37f00000,0x0000004e38000000)]
  0x00000201ed3b0790 JavaThread "C1 CompilerThread1" daemon [_thread_blocked, id=33228, stack(0x0000004e38000000,0x0000004e38100000)]
  0x00000201eda6bec0 JavaThread "C1 CompilerThread2" daemon [_thread_blocked, id=32748, stack(0x0000004e38100000,0x0000004e38200000)]
  0x00000201eda6c3e0 JavaThread "C1 CompilerThread3" daemon [_thread_blocked, id=27760, stack(0x0000004e38200000,0x0000004e38300000)]
  0x00000201eda7cf40 JavaThread "C2 CompilerThread1" daemon [_thread_blocked, id=28072, stack(0x0000004e38300000,0x0000004e38400000)]
  0x00000201edb48660 JavaThread "Notification Thread" daemon [_thread_blocked, id=7748, stack(0x0000004e38400000,0x0000004e38500000)]
  0x00000201f2f65590 JavaThread "Daemon health stats" [_thread_blocked, id=35060, stack(0x0000004e39400000,0x0000004e39500000)]
  0x00000201f2f65080 JavaThread "Incoming local TCP Connector on port 59435" [_thread_in_native, id=43100, stack(0x0000004e39500000,0x0000004e39600000)]
  0x00000201f2f64b70 JavaThread "Daemon periodic checks" [_thread_blocked, id=34236, stack(0x0000004e39600000,0x0000004e39700000)]
  0x00000201f2f664c0 JavaThread "Daemon" [_thread_blocked, id=33384, stack(0x0000004e39700000,0x0000004e39800000)]
  0x00000201f2f64660 JavaThread "Handler for socket connection from /127.0.0.1:59435 to /127.0.0.1:59438" [_thread_in_native, id=29376, stack(0x0000004e39800000,0x0000004e39900000)]
  0x00000201f2f65aa0 JavaThread "Cancel handler" [_thread_blocked, id=2296, stack(0x0000004e39900000,0x0000004e39a00000)]
  0x00000201f2f669d0 JavaThread "Daemon worker" [_thread_blocked, id=32668, stack(0x0000004e39a00000,0x0000004e39b00000)]
  0x00000201f2f65fb0 JavaThread "Asynchronous log dispatcher for DefaultDaemonConnection: socket connection from /127.0.0.1:59435 to /127.0.0.1:59438" [_thread_blocked, id=42008, stack(0x0000004e39b00000,0x0000004e39c00000)]
  0x00000201f2f64150 JavaThread "Stdin handler" [_thread_blocked, id=5088, stack(0x0000004e39c00000,0x0000004e39d00000)]
  0x00000201f2f66ee0 JavaThread "Daemon client event forwarder" [_thread_blocked, id=34576, stack(0x0000004e39d00000,0x0000004e39e00000)]
  0x00000201f2f67900 JavaThread "Cache worker for journal cache (D:\Android\.gradle\caches\journal-1)" [_thread_blocked, id=33664, stack(0x0000004e39e00000,0x0000004e39f00000)]
  0x00000201f3e013d0 JavaThread "File lock request listener" [_thread_in_native, id=5156, stack(0x0000004e39f00000,0x0000004e3a000000)]
  0x00000201f3e02300 JavaThread "Cache worker for file hash cache (D:\Android\.gradle\caches\8.7\fileHashes)" [_thread_blocked, id=5856, stack(0x0000004e3a000000,0x0000004e3a100000)]
  0x00000201f3e009b0 JavaThread "Cache worker for file hash cache (D:\Project\AndroidProject\Kotlin\YouthApartment\.gradle\8.7\fileHashes)" [_thread_blocked, id=23512, stack(0x0000004e38800000,0x0000004e38900000)]
  0x00000201f3e01df0 JavaThread "File watcher server" daemon [_thread_blocked, id=37880, stack(0x0000004e3a100000,0x0000004e3a200000)]
  0x00000201f3e02810 JavaThread "File watcher consumer" daemon [_thread_blocked, id=44212, stack(0x0000004e3ac00000,0x0000004e3ad00000)]
  0x00000201f3e02d20 JavaThread "jar transforms" [_thread_blocked, id=21084, stack(0x0000004e3ad00000,0x0000004e3ae00000)]
  0x00000201f3e03230 JavaThread "jar transforms Thread 2" [_thread_blocked, id=38620, stack(0x0000004e3ae00000,0x0000004e3af00000)]
  0x00000201f3dffa80 JavaThread "jar transforms Thread 3" [_thread_blocked, id=22104, stack(0x0000004e3af00000,0x0000004e3b000000)]
  0x00000201f3e03740 JavaThread "jar transforms Thread 4" [_thread_blocked, id=44096, stack(0x0000004e3b000000,0x0000004e3b100000)]
  0x00000201f3dfff90 JavaThread "jar transforms Thread 5" [_thread_blocked, id=43400, stack(0x0000004e3b100000,0x0000004e3b200000)]
  0x00000201f3e03c50 JavaThread "jar transforms Thread 6" [_thread_blocked, id=42764, stack(0x0000004e3b200000,0x0000004e3b300000)]
  0x00000201f3e004a0 JavaThread "jar transforms Thread 7" [_thread_blocked, id=18268, stack(0x0000004e3b300000,0x0000004e3b400000)]
  0x00000201f3e055a0 JavaThread "jar transforms Thread 8" [_thread_blocked, id=1844, stack(0x0000004e3b400000,0x0000004e3b500000)]
  0x00000201f3e05090 JavaThread "jar transforms Thread 9" [_thread_blocked, id=34124, stack(0x0000004e3b500000,0x0000004e3b600000)]
  0x00000201f3e04160 JavaThread "jar transforms Thread 10" [_thread_blocked, id=29004, stack(0x0000004e3b600000,0x0000004e3b700000)]
  0x00000201f3e064d0 JavaThread "jar transforms Thread 11" [_thread_blocked, id=30696, stack(0x0000004e3b700000,0x0000004e3b800000)]
  0x00000201f3e069e0 JavaThread "jar transforms Thread 12" [_thread_blocked, id=39836, stack(0x0000004e3b800000,0x0000004e3b900000)]
  0x00000201f3e05ab0 JavaThread "jar transforms Thread 13" [_thread_blocked, id=25184, stack(0x0000004e3b900000,0x0000004e3ba00000)]
  0x00000201f3e04670 JavaThread "jar transforms Thread 14" [_thread_blocked, id=34312, stack(0x0000004e3ba00000,0x0000004e3bb00000)]
  0x00000201f3e04b80 JavaThread "jar transforms Thread 15" [_thread_blocked, id=33472, stack(0x0000004e3bb00000,0x0000004e3bc00000)]
  0x00000201f3e05fc0 JavaThread "jar transforms Thread 16" [_thread_blocked, id=43876, stack(0x0000004e3bc00000,0x0000004e3bd00000)]
  0x00000201f6ccccb0 JavaThread "jar transforms Thread 17" [_thread_blocked, id=38780, stack(0x0000004e3bd00000,0x0000004e3be00000)]
  0x00000201f6ccc290 JavaThread "jar transforms Thread 18" [_thread_blocked, id=32728, stack(0x0000004e3be00000,0x0000004e3bf00000)]
  0x00000201f6ccb870 JavaThread "jar transforms Thread 19" [_thread_blocked, id=18376, stack(0x0000004e3bf00000,0x0000004e3c000000)]
  0x00000201f6ccb360 JavaThread "jar transforms Thread 20" [_thread_blocked, id=40064, stack(0x0000004e3c000000,0x0000004e3c100000)]
  0x00000201f6ccae50 JavaThread "Cache worker for checksums cache (D:\Project\AndroidProject\Kotlin\YouthApartment\.gradle\8.7\checksums)" [_thread_blocked, id=23584, stack(0x0000004e3c100000,0x0000004e3c200000)]
  0x00000201f6ccbd80 JavaThread "Cache worker for cache directory md-supplier (D:\Android\.gradle\caches\8.7\md-supplier)" [_thread_blocked, id=19444, stack(0x0000004e3c200000,0x0000004e3c300000)]
  0x00000201f6cce0f0 JavaThread "Cache worker for cache directory md-rule (D:\Android\.gradle\caches\8.7\md-rule)" [_thread_blocked, id=22636, stack(0x0000004e3c300000,0x0000004e3c400000)]
  0x00000201f6cca940 JavaThread "Cache worker for file content cache (D:\Android\.gradle\caches\8.7\fileContent)" [_thread_blocked, id=42876, stack(0x0000004e3c400000,0x0000004e3c500000)]
  0x00000201f6ccd1c0 JavaThread "jar transforms Thread 21" [_thread_blocked, id=36900, stack(0x0000004e3c500000,0x0000004e3c600000)]
  0x00000201f6ccf020 JavaThread "jar transforms Thread 22" [_thread_blocked, id=11648, stack(0x0000004e3c600000,0x0000004e3c700000)]
  0x00000201f6ccfa40 JavaThread "jar transforms Thread 23" [_thread_blocked, id=20812, stack(0x0000004e3c800000,0x0000004e3c900000)]
  0x00000201f6cd0970 JavaThread "Unconstrained build operations" [_thread_blocked, id=31780, stack(0x0000004e3c900000,0x0000004e3ca00000)]
  0x00000201f6ccdbe0 JavaThread "Unconstrained build operations Thread 2" [_thread_blocked, id=38408, stack(0x0000004e3ca00000,0x0000004e3cb00000)]
  0x00000201f6ccd6d0 JavaThread "jar transforms Thread 24" [_thread_blocked, id=5148, stack(0x0000004e3cb00000,0x0000004e3cc00000)]
  0x00000201f6cd1390 JavaThread "Unconstrained build operations Thread 3" [_thread_blocked, id=33968, stack(0x0000004e3cc00000,0x0000004e3cd00000)]
  0x00000201f6cd18a0 JavaThread "Unconstrained build operations Thread 4" [_thread_blocked, id=39696, stack(0x0000004e3cd00000,0x0000004e3ce00000)]
  0x00000201f6cd1db0 JavaThread "Unconstrained build operations Thread 5" [_thread_blocked, id=26340, stack(0x0000004e3ce00000,0x0000004e3cf00000)]
  0x00000201f6cd22c0 JavaThread "Unconstrained build operations Thread 6" [_thread_blocked, id=34716, stack(0x0000004e3cf00000,0x0000004e3d000000)]
  0x00000201f6b6e100 JavaThread "Unconstrained build operations Thread 7" [_thread_blocked, id=2672, stack(0x0000004e3d000000,0x0000004e3d100000)]
  0x00000201f6b6e610 JavaThread "Unconstrained build operations Thread 8" [_thread_blocked, id=32688, stack(0x0000004e3d100000,0x0000004e3d200000)]
  0x00000201f6b6eb20 JavaThread "Unconstrained build operations Thread 9" [_thread_blocked, id=44252, stack(0x0000004e3d200000,0x0000004e3d300000)]
  0x00000201f6b6f030 JavaThread "Unconstrained build operations Thread 10" [_thread_blocked, id=35100, stack(0x0000004e3d300000,0x0000004e3d400000)]
  0x00000201f6b6fa50 JavaThread "Cache worker for Build Output Cleanup Cache (D:\Project\AndroidProject\Kotlin\YouthApartment\.gradle\buildOutputCleanup)" [_thread_blocked, id=42128, stack(0x0000004e3d400000,0x0000004e3d500000)]
  0x00000201f6b6d1d0 JavaThread "Unconstrained build operations Thread 11" [_thread_blocked, id=27528, stack(0x0000004e3d500000,0x0000004e3d600000)]
  0x00000201f6b6dbf0 JavaThread "Unconstrained build operations Thread 12" [_thread_blocked, id=25740, stack(0x0000004e3d600000,0x0000004e3d700000)]
  0x00000201f6b70e90 JavaThread "Unconstrained build operations Thread 13" [_thread_blocked, id=2992, stack(0x0000004e3d700000,0x0000004e3d800000)]
  0x00000201f6b6d6e0 JavaThread "Unconstrained build operations Thread 14" [_thread_blocked, id=10432, stack(0x0000004e3d800000,0x0000004e3d900000)]
  0x00000201f6b74b50 JavaThread "Unconstrained build operations Thread 15" [_thread_blocked, id=9688, stack(0x0000004e3d900000,0x0000004e3da00000)]
  0x00000201f6b71dc0 JavaThread "Unconstrained build operations Thread 16" [_thread_blocked, id=33524, stack(0x0000004e3da00000,0x0000004e3db00000)]
  0x00000201f6b73c20 JavaThread "Unconstrained build operations Thread 17" [_thread_blocked, id=4272, stack(0x0000004e3db00000,0x0000004e3dc00000)]
  0x00000201f6b722d0 JavaThread "Unconstrained build operations Thread 18" [_thread_blocked, id=38972, stack(0x0000004e3dc00000,0x0000004e3dd00000)]
  0x00000201f6b74130 JavaThread "Unconstrained build operations Thread 19" [_thread_blocked, id=6188, stack(0x0000004e3dd00000,0x0000004e3de00000)]
  0x00000201f6b727e0 JavaThread "Unconstrained build operations Thread 20" [_thread_blocked, id=38320, stack(0x0000004e3de00000,0x0000004e3df00000)]
  0x00000201f6b73200 JavaThread "Unconstrained build operations Thread 21" [_thread_blocked, id=34916, stack(0x0000004e3df00000,0x0000004e3e000000)]
  0x00000201f6b713a0 JavaThread "Unconstrained build operations Thread 22" [_thread_blocked, id=39400, stack(0x0000004e3e000000,0x0000004e3e100000)]
  0x00000201f6b74640 JavaThread "Unconstrained build operations Thread 23" [_thread_blocked, id=36704, stack(0x0000004e3e100000,0x0000004e3e200000)]
  0x00000201f6b72cf0 JavaThread "Unconstrained build operations Thread 24" [_thread_blocked, id=26868, stack(0x0000004e3e200000,0x0000004e3e300000)]
  0x00000201f6b73710 JavaThread "Unconstrained build operations Thread 25" [_thread_blocked, id=31316, stack(0x0000004e3e300000,0x0000004e3e400000)]
  0x00000201f6b718b0 JavaThread "Unconstrained build operations Thread 26" [_thread_blocked, id=33900, stack(0x0000004e3e400000,0x0000004e3e500000)]
  0x00000201f8731680 JavaThread "Unconstrained build operations Thread 27" [_thread_blocked, id=16504, stack(0x0000004e3e500000,0x0000004e3e600000)]
  0x00000201f87334e0 JavaThread "Unconstrained build operations Thread 28" [_thread_blocked, id=4132, stack(0x0000004e3e600000,0x0000004e3e700000)]
  0x00000201f8732ac0 JavaThread "Unconstrained build operations Thread 29" [_thread_blocked, id=13380, stack(0x0000004e3e700000,0x0000004e3e800000)]
  0x00000201f872fd30 JavaThread "Unconstrained build operations Thread 30" [_thread_blocked, id=15876, stack(0x0000004e3e800000,0x0000004e3e900000)]
  0x00000201f8730240 JavaThread "Unconstrained build operations Thread 31" [_thread_blocked, id=36392, stack(0x0000004e3e900000,0x0000004e3ea00000)]
  0x00000201f8730750 JavaThread "Unconstrained build operations Thread 32" [_thread_blocked, id=40984, stack(0x0000004e3ea00000,0x0000004e3eb00000)]
  0x00000201f8730c60 JavaThread "Unconstrained build operations Thread 33" [_thread_blocked, id=15376, stack(0x0000004e3eb00000,0x0000004e3ec00000)]
  0x00000201f8731b90 JavaThread "Unconstrained build operations Thread 34" [_thread_blocked, id=11020, stack(0x0000004e3ec00000,0x0000004e3ed00000)]
  0x00000201f87320a0 JavaThread "Unconstrained build operations Thread 35" [_thread_blocked, id=33048, stack(0x0000004e3ed00000,0x0000004e3ee00000)]
  0x00000201f87325b0 JavaThread "Unconstrained build operations Thread 36" [_thread_blocked, id=28424, stack(0x0000004e3ee00000,0x0000004e3ef00000)]
  0x00000201f8732fd0 JavaThread "Unconstrained build operations Thread 37" [_thread_blocked, id=35916, stack(0x0000004e3ef00000,0x0000004e3f000000)]
  0x00000201f7413340 JavaThread "Unconstrained build operations Thread 38" [_thread_blocked, id=24360, stack(0x0000004e3f000000,0x0000004e3f100000)]
  0x00000201f7413850 JavaThread "Unconstrained build operations Thread 39" [_thread_blocked, id=17364, stack(0x0000004e3f100000,0x0000004e3f200000)]
  0x00000201f74114e0 JavaThread "Unconstrained build operations Thread 40" [_thread_blocked, id=31148, stack(0x0000004e3f200000,0x0000004e3f300000)]
  0x00000201f7412e30 JavaThread "Unconstrained build operations Thread 41" [_thread_blocked, id=28232, stack(0x0000004e3f300000,0x0000004e3f400000)]
  0x00000201f7412410 JavaThread "Unconstrained build operations Thread 42" [_thread_blocked, id=44844, stack(0x0000004e3f400000,0x0000004e3f500000)]
  0x00000201f7414270 JavaThread "Unconstrained build operations Thread 43" [_thread_blocked, id=29852, stack(0x0000004e3f500000,0x0000004e3f600000)]
  0x00000201f7411f00 JavaThread "Unconstrained build operations Thread 44" [_thread_blocked, id=28464, stack(0x0000004e3f600000,0x0000004e3f700000)]
  0x00000201f74119f0 JavaThread "Unconstrained build operations Thread 45" [_thread_blocked, id=35748, stack(0x0000004e3f700000,0x0000004e3f800000)]
  0x00000201f7414780 JavaThread "Unconstrained build operations Thread 46" [_thread_blocked, id=34872, stack(0x0000004e3f800000,0x0000004e3f900000)]
  0x00000201f7413d60 JavaThread "Unconstrained build operations Thread 47" [_thread_blocked, id=22124, stack(0x0000004e3f900000,0x0000004e3fa00000)]
  0x00000201f7410fd0 JavaThread "Unconstrained build operations Thread 48" [_thread_blocked, id=31388, stack(0x0000004e3fa00000,0x0000004e3fb00000)]
  0x00000201f7414c90 JavaThread "Unconstrained build operations Thread 49" [_thread_blocked, id=43476, stack(0x0000004e3fb00000,0x0000004e3fc00000)]
  0x00000201f74151a0 JavaThread "Unconstrained build operations Thread 50" [_thread_blocked, id=3356, stack(0x0000004e3fc00000,0x0000004e3fd00000)]
  0x00000201f74156b0 JavaThread "Unconstrained build operations Thread 51" [_thread_blocked, id=38072, stack(0x0000004e3fd00000,0x0000004e3fe00000)]
  0x00000201f7415bc0 JavaThread "Unconstrained build operations Thread 52" [_thread_blocked, id=26744, stack(0x0000004e3fe00000,0x0000004e3ff00000)]
  0x00000201f74160d0 JavaThread "Unconstrained build operations Thread 53" [_thread_blocked, id=4508, stack(0x0000004e3ff00000,0x0000004e40000000)]
  0x00000201f7412920 JavaThread "Unconstrained build operations Thread 54" [_thread_blocked, id=37212, stack(0x0000004e40000000,0x0000004e40100000)]
  0x00000201f7418440 JavaThread "Unconstrained build operations Thread 55" [_thread_blocked, id=28604, stack(0x0000004e40100000,0x0000004e40200000)]
  0x00000201f74165e0 JavaThread "Unconstrained build operations Thread 56" [_thread_blocked, id=1992, stack(0x0000004e40200000,0x0000004e40300000)]
  0x00000201f7418950 JavaThread "Memory manager" [_thread_blocked, id=44504, stack(0x0000004e40300000,0x0000004e40400000)]
  0x00000201fbee0680 JavaThread "build event listener" [_thread_blocked, id=32784, stack(0x0000004e38600000,0x0000004e38700000)]
  0x00000201f68865d0 JavaThread "C2 CompilerThread2" daemon [_thread_blocked, id=41396, stack(0x0000004e38700000,0x0000004e38800000)]
  0x00000201fbee24e0 JavaThread "pool-3-thread-1" [_thread_blocked, id=34304, stack(0x0000004e40400000,0x0000004e40500000)]
  0x00000201fbee15b0 JavaThread "included builds" [_thread_blocked, id=32208, stack(0x0000004e40500000,0x0000004e40600000)]
  0x00000201f67e5a10 JavaThread "Execution worker" [_thread_blocked, id=36404, stack(0x0000004e40600000,0x0000004e40700000)]
  0x00000201f67e5500 JavaThread "Execution worker Thread 2" [_thread_blocked, id=35484, stack(0x0000004e40700000,0x0000004e40800000)]
  0x00000201f67e45d0 JavaThread "Execution worker Thread 3" [_thread_blocked, id=2860, stack(0x0000004e40800000,0x0000004e40900000)]
  0x00000201f67e4ae0 JavaThread "Execution worker Thread 4" [_thread_blocked, id=19952, stack(0x0000004e40900000,0x0000004e40a00000)]
  0x00000201f67e4ff0 JavaThread "Execution worker Thread 5" [_thread_blocked, id=34144, stack(0x0000004e40a00000,0x0000004e40b00000)]
  0x00000201fc25a930 JavaThread "Execution worker Thread 6" [_thread_blocked, id=26048, stack(0x0000004e40b00000,0x0000004e40c00000)]
  0x00000201fc25ae40 JavaThread "Execution worker Thread 7" [_thread_blocked, id=24960, stack(0x0000004e40c00000,0x0000004e40d00000)]
  0x00000201fc25bd70 JavaThread "Execution worker Thread 8" [_thread_blocked, id=6476, stack(0x0000004e40d00000,0x0000004e40e00000)]
  0x00000201fc25b860 JavaThread "Execution worker Thread 9" [_thread_blocked, id=42544, stack(0x0000004e40e00000,0x0000004e40f00000)]
  0x00000201fc25b350 JavaThread "Execution worker Thread 10" [_thread_blocked, id=44372, stack(0x0000004e40f00000,0x0000004e41000000)]
  0x00000201fc25c280 JavaThread "Execution worker Thread 11" [_thread_blocked, id=4664, stack(0x0000004e41000000,0x0000004e41100000)]
  0x00000201f9a85060 JavaThread "Execution worker Thread 12" [_thread_blocked, id=38984, stack(0x0000004e41100000,0x0000004e41200000)]
  0x00000201f9a864a0 JavaThread "Execution worker Thread 13" [_thread_blocked, id=40316, stack(0x0000004e41200000,0x0000004e41300000)]
  0x00000201f9a878e0 JavaThread "Execution worker Thread 14" [_thread_blocked, id=4540, stack(0x0000004e41300000,0x0000004e41400000)]
  0x00000201f9a869b0 JavaThread "Execution worker Thread 15" [_thread_blocked, id=26712, stack(0x0000004e41400000,0x0000004e41500000)]
  0x00000201f83d0580 JavaThread "Execution worker Thread 16" [_thread_blocked, id=37988, stack(0x0000004e41500000,0x0000004e41600000)]
  0x00000201f83cec30 JavaThread "Execution worker Thread 17" [_thread_blocked, id=26576, stack(0x0000004e41600000,0x0000004e41700000)]
  0x00000201f83cf140 JavaThread "Execution worker Thread 18" [_thread_blocked, id=38992, stack(0x0000004e41700000,0x0000004e41800000)]
  0x00000201f83cf650 JavaThread "Execution worker Thread 19" [_thread_blocked, id=12156, stack(0x0000004e41800000,0x0000004e41900000)]
  0x00000201f83cfb60 JavaThread "Execution worker Thread 20" [_thread_blocked, id=21396, stack(0x0000004e41900000,0x0000004e41a00000)]
  0x00000201f83d0070 JavaThread "Execution worker Thread 21" [_thread_blocked, id=27724, stack(0x0000004e41a00000,0x0000004e41b00000)]
  0x00000201f812c9b0 JavaThread "Execution worker Thread 22" [_thread_blocked, id=38668, stack(0x0000004e41b00000,0x0000004e41c00000)]
  0x00000201f812cec0 JavaThread "Execution worker Thread 23" [_thread_blocked, id=42068, stack(0x0000004e41c00000,0x0000004e41d00000)]
  0x00000201f4d89330 JavaThread "Cache worker for execution history cache (D:\Project\AndroidProject\Kotlin\YouthApartment\.gradle\8.7\executionHistory)" [_thread_blocked, id=28636, stack(0x0000004e41d00000,0x0000004e41e00000)]
  0x00000201f67e5f20 JavaThread "idea-tooling-model-converter" [_thread_blocked, id=43672, stack(0x0000004e42000000,0x0000004e42100000)]
  0x00000201f8a2f4d0 JavaThread "Unconstrained build operations Thread 57" [_thread_blocked, id=33716, stack(0x0000004e3c700000,0x0000004e3c800000)]
  0x00000201f8a2efc0 JavaThread "Unconstrained build operations Thread 58" [_thread_blocked, id=17568, stack(0x0000004e42100000,0x0000004e42200000)]
  0x00000201f688d010 JavaThread "C2 CompilerThread3" daemon [_thread_blocked, id=43948, stack(0x0000004e42200000,0x0000004e42300000)]
  0x00000201f812d8e0 JavaThread "Unconstrained build operations Thread 59" [_thread_blocked, id=42404, stack(0x0000004e42300000,0x0000004e42400000)]
  0x00000201f812d3d0 JavaThread "Unconstrained build operations Thread 60" [_thread_blocked, id=26268, stack(0x0000004e42400000,0x0000004e42500000)]
  0x00000201f812b570 JavaThread "Unconstrained build operations Thread 61" [_thread_blocked, id=32620, stack(0x0000004e42500000,0x0000004e42600000)]
  0x00000201f812c4a0 JavaThread "Unconstrained build operations Thread 62" [_thread_blocked, id=37688, stack(0x0000004e42600000,0x0000004e42700000)]
  0x00000201f812bf90 JavaThread "Unconstrained build operations Thread 63" [_thread_blocked, id=29284, stack(0x0000004e42700000,0x0000004e42800000)]
  0x00000201f812e300 JavaThread "Unconstrained build operations Thread 64" [_thread_blocked, id=15888, stack(0x0000004e42800000,0x0000004e42900000)]
  0x00000201f812ddf0 JavaThread "Unconstrained build operations Thread 65" [_thread_blocked, id=42308, stack(0x0000004e42900000,0x0000004e42a00000)]
  0x00000201f812e810 JavaThread "Unconstrained build operations Thread 66" [_thread_blocked, id=9260, stack(0x0000004e42a00000,0x0000004e42b00000)]
  0x00000201fbf7faa0 JavaThread "Unconstrained build operations Thread 67" [_thread_blocked, id=25712, stack(0x0000004e42b00000,0x0000004e42c00000)]
  0x00000201fbf81e10 JavaThread "Unconstrained build operations Thread 68" [_thread_blocked, id=5052, stack(0x0000004e42c00000,0x0000004e42d00000)]
  0x00000201fbf82830 JavaThread "Unconstrained build operations Thread 69" [_thread_blocked, id=37000, stack(0x0000004e42d00000,0x0000004e42e00000)]
  0x00000201fbf7f590 JavaThread "Unconstrained build operations Thread 70" [_thread_blocked, id=40392, stack(0x0000004e42e00000,0x0000004e42f00000)]
  0x00000201fbbe0bc0 JavaThread "Unconstrained build operations Thread 71" [_thread_blocked, id=43276, stack(0x0000004e42f00000,0x0000004e43000000)]
  0x00000201fbbdfc90 JavaThread "Unconstrained build operations Thread 72" [_thread_blocked, id=23568, stack(0x0000004e43000000,0x0000004e43100000)]
  0x00000201fbbe06b0 JavaThread "Unconstrained build operations Thread 73" [_thread_blocked, id=19384, stack(0x0000004e43100000,0x0000004e43200000)]
  0x00000201f30f65b0 JavaThread "Unconstrained build operations Thread 74" [_thread_blocked, id=31380, stack(0x0000004e43200000,0x0000004e43300000)]
  0x00000201fbee4340 JavaThread "Unconstrained build operations Thread 75" [_thread_blocked, id=40220, stack(0x0000004e43300000,0x0000004e43400000)]
  0x00000201fbee0b90 JavaThread "Unconstrained build operations Thread 76" [_thread_blocked, id=39948, stack(0x0000004e43400000,0x0000004e43500000)]
  0x00000201f86257c0 JavaThread "Unconstrained build operations Thread 77" [_thread_blocked, id=15112, stack(0x0000004e43500000,0x0000004e43600000)]
  0x00000201f8624890 JavaThread "Unconstrained build operations Thread 78" [_thread_blocked, id=40044, stack(0x0000004e43600000,0x0000004e43700000)]
  0x00000201f86252b0 JavaThread "Unconstrained build operations Thread 79" [_thread_blocked, id=33752, stack(0x0000004e43700000,0x0000004e43800000)]
  0x00000201f8625cd0 JavaThread "Unconstrained build operations Thread 80" [_thread_blocked, id=31384, stack(0x0000004e43800000,0x0000004e43900000)]
  0x00000201f8624da0 JavaThread "Unconstrained build operations Thread 81" [_thread_blocked, id=14684, stack(0x0000004e43900000,0x0000004e43a00000)]
  0x00000201f6889af0 JavaThread "C2 CompilerThread4" daemon [_thread_blocked, id=27096, stack(0x0000004e43a00000,0x0000004e43b00000)]
  0x00000201f688dab0 JavaThread "C2 CompilerThread5" daemon [_thread_blocked, id=16104, stack(0x0000004e43b00000,0x0000004e43c00000)]
  0x00000201f464f570 JavaThread "C2 CompilerThread6" daemon [_thread_blocked, id=29196, stack(0x0000004e43c00000,0x0000004e43d00000)]
  0x00000201f7773c70 JavaThread "Unconstrained build operations Thread 82" [_thread_blocked, id=40772, stack(0x0000004e43d00000,0x0000004e43e00000)]
  0x00000201f7774690 JavaThread "Unconstrained build operations Thread 83" [_thread_blocked, id=39832, stack(0x0000004e43e00000,0x0000004e43f00000)]
  0x00000201f77755c0 JavaThread "Unconstrained build operations Thread 84" [_thread_blocked, id=7452, stack(0x0000004e43f00000,0x0000004e44000000)]
  0x00000201f7775fe0 JavaThread "Unconstrained build operations Thread 85" [_thread_blocked, id=39808, stack(0x0000004e44000000,0x0000004e44100000)]
  0x00000201f7774180 JavaThread "Unconstrained build operations Thread 86" [_thread_blocked, id=15108, stack(0x0000004e44100000,0x0000004e44200000)]
  0x00000201f7774ba0 JavaThread "Unconstrained build operations Thread 87" [_thread_blocked, id=24988, stack(0x0000004e44200000,0x0000004e44300000)]
  0x00000201f77750b0 JavaThread "Unconstrained build operations Thread 88" [_thread_blocked, id=36628, stack(0x0000004e44300000,0x0000004e44400000)]
  0x00000201f7775ad0 JavaThread "Unconstrained build operations Thread 89" [_thread_blocked, id=8272, stack(0x0000004e44400000,0x0000004e44500000)]
  0x00000201f77764f0 JavaThread "Unconstrained build operations Thread 90" [_thread_blocked, id=33292, stack(0x0000004e44500000,0x0000004e44600000)]
  0x00000201f7772d40 JavaThread "Unconstrained build operations Thread 91" [_thread_blocked, id=12408, stack(0x0000004e44600000,0x0000004e44700000)]
  0x00000201f86268a0 JavaThread "Unconstrained build operations Thread 92" [_thread_blocked, id=42580, stack(0x0000004e44700000,0x0000004e44800000)]
  0x00000201f86272c0 JavaThread "Unconstrained build operations Thread 93" [_thread_blocked, id=13440, stack(0x0000004e44800000,0x0000004e44900000)]
  0x00000201f8626db0 JavaThread "Unconstrained build operations Thread 94" [_thread_blocked, id=22876, stack(0x0000004e44900000,0x0000004e44a00000)]
  0x00000201f86277d0 JavaThread "Unconstrained build operations Thread 95" [_thread_blocked, id=39556, stack(0x0000004e44a00000,0x0000004e44b00000)]
  0x00000201f8627ce0 JavaThread "Unconstrained build operations Thread 96" [_thread_blocked, id=39008, stack(0x0000004e44b00000,0x0000004e44c00000)]
  0x00000201f86281f0 JavaThread "Unconstrained build operations Thread 97" [_thread_blocked, id=8624, stack(0x0000004e44c00000,0x0000004e44d00000)]
  0x00000201fcabd360 JavaThread "Unconstrained build operations Thread 98" [_thread_blocked, id=16888, stack(0x0000004e44d00000,0x0000004e44e00000)]
  0x00000201fcabfbe0 JavaThread "Unconstrained build operations Thread 99" [_thread_blocked, id=42536, stack(0x0000004e44e00000,0x0000004e44f00000)]
  0x00000201fcabf1c0 JavaThread "Unconstrained build operations Thread 100" [_thread_blocked, id=44368, stack(0x0000004e44f00000,0x0000004e45000000)]
  0x00000201fcabf6d0 JavaThread "Unconstrained build operations Thread 101" [_thread_blocked, id=21792, stack(0x0000004e45000000,0x0000004e45100000)]
  0x00000201fcac0600 JavaThread "Unconstrained build operations Thread 102" [_thread_blocked, id=1416, stack(0x0000004e45100000,0x0000004e45200000)]
  0x00000201fbbdf270 JavaThread "Unconstrained build operations Thread 103" [_thread_blocked, id=3044, stack(0x0000004e45200000,0x0000004e45300000)]
  0x00000201f8c5a9d0 JavaThread "Unconstrained build operations Thread 104" [_thread_blocked, id=11708, stack(0x0000004e45300000,0x0000004e45400000)]
  0x00000201fcac0b10 JavaThread "Unconstrained build operations Thread 105" [_thread_blocked, id=40300, stack(0x0000004e45400000,0x0000004e45500000)]
  0x00000201fcabd870 JavaThread "Unconstrained build operations Thread 106" [_thread_blocked, id=35244, stack(0x0000004e45500000,0x0000004e45600000)]
  0x00000201fcac00f0 JavaThread "Unconstrained build operations Thread 107" [_thread_blocked, id=32008, stack(0x0000004e45600000,0x0000004e45700000)]
  0x00000201fcabdd80 JavaThread "Unconstrained build operations Thread 108" [_thread_blocked, id=39176, stack(0x0000004e45700000,0x0000004e45800000)]
  0x00000201fcabecb0 JavaThread "Unconstrained build operations Thread 109" [_thread_blocked, id=3736, stack(0x0000004e45800000,0x0000004e45900000)]
  0x00000201fcabe290 JavaThread "Unconstrained build operations Thread 110" [_thread_blocked, id=32788, stack(0x0000004e45900000,0x0000004e45a00000)]
  0x00000201fcabe7a0 JavaThread "Unconstrained build operations Thread 111" [_thread_blocked, id=30424, stack(0x0000004e45a00000,0x0000004e45b00000)]
  0x00000201f72c6360 JavaThread "Unconstrained build operations Thread 112" [_thread_blocked, id=2076, stack(0x0000004e45b00000,0x0000004e45c00000)]
  0x00000201f72c5430 JavaThread "Unconstrained build operations Thread 113" [_thread_blocked, id=44344, stack(0x0000004e45c00000,0x0000004e45d00000)]
  0x00000201f72c5940 JavaThread "Unconstrained build operations Thread 114" [_thread_blocked, id=28600, stack(0x0000004e45d00000,0x0000004e45e00000)]
  0x00000201f72c6d80 JavaThread "Unconstrained build operations Thread 115" [_thread_blocked, id=38908, stack(0x0000004e45e00000,0x0000004e45f00000)]
  0x00000201f72c6870 JavaThread "Unconstrained build operations Thread 116" [_thread_blocked, id=3448, stack(0x0000004e45f00000,0x0000004e46000000)]
  0x00000201f72c7290 JavaThread "Unconstrained build operations Thread 117" [_thread_blocked, id=5896, stack(0x0000004e46000000,0x0000004e46100000)]
  0x00000201f72c4a10 JavaThread "Unconstrained build operations Thread 118" [_thread_blocked, id=10544, stack(0x0000004e46100000,0x0000004e46200000)]
  0x00000201f72c4f20 JavaThread "Unconstrained build operations Thread 119" [_thread_blocked, id=1768, stack(0x0000004e46200000,0x0000004e46300000)]
  0x00000201f72c5e50 JavaThread "Unconstrained build operations Thread 120" [_thread_blocked, id=44536, stack(0x0000004e46300000,0x0000004e46400000)]
  0x00000201f72c77a0 JavaThread "Unconstrained build operations Thread 121" [_thread_blocked, id=43984, stack(0x0000004e46400000,0x0000004e46500000)]
  0x00000201f72c7cb0 JavaThread "Unconstrained build operations Thread 122" [_thread_blocked, id=13972, stack(0x0000004e46500000,0x0000004e46600000)]
  0x00000201f72c81c0 JavaThread "Unconstrained build operations Thread 123" [_thread_blocked, id=44192, stack(0x0000004e46600000,0x0000004e46700000)]
  0x00000201fcbcada0 JavaThread "Unconstrained build operations Thread 124" [_thread_blocked, id=31400, stack(0x0000004e46700000,0x0000004e46800000)]
  0x00000201fcbcdb30 JavaThread "Unconstrained build operations Thread 125" [_thread_blocked, id=42296, stack(0x0000004e46800000,0x0000004e46900000)]
  0x00000201fcbcd110 JavaThread "Unconstrained build operations Thread 126" [_thread_blocked, id=39412, stack(0x0000004e46900000,0x0000004e46a00000)]
  0x00000201fcbccc00 JavaThread "Unconstrained build operations Thread 127" [_thread_blocked, id=43664, stack(0x0000004e46a00000,0x0000004e46b00000)]
  0x00000201fcbce040 JavaThread "Unconstrained build operations Thread 128" [_thread_blocked, id=3652, stack(0x0000004e46b00000,0x0000004e46c00000)]
  0x00000201fcbcc6f0 JavaThread "Unconstrained build operations Thread 129" [_thread_blocked, id=22360, stack(0x0000004e46e00000,0x0000004e46f00000)]
  0x00000201fcbcd620 JavaThread "Unconstrained build operations Thread 130" [_thread_blocked, id=37848, stack(0x0000004e46f00000,0x0000004e47000000)]
  0x00000201fcbca890 JavaThread "Unconstrained build operations Thread 131" [_thread_blocked, id=20856, stack(0x0000004e47000000,0x0000004e47100000)]
  0x00000201fcbcb2b0 JavaThread "Unconstrained build operations Thread 132" [_thread_blocked, id=21308, stack(0x0000004e47100000,0x0000004e47200000)]
  0x00000201fcbcb7c0 JavaThread "Unconstrained build operations Thread 133" [_thread_blocked, id=9804, stack(0x0000004e47200000,0x0000004e47300000)]
  0x00000201fcbcbcd0 JavaThread "Unconstrained build operations Thread 134" [_thread_blocked, id=40148, stack(0x0000004e47300000,0x0000004e47400000)]
  0x00000201fcbcc1e0 JavaThread "Unconstrained build operations Thread 135" [_thread_blocked, id=26444, stack(0x0000004e47400000,0x0000004e47500000)]
  0x00000201f73c22f0 JavaThread "Unconstrained build operations Thread 136" [_thread_blocked, id=42376, stack(0x0000004e47500000,0x0000004e47600000)]
  0x00000201f73c1de0 JavaThread "Unconstrained build operations Thread 137" [_thread_blocked, id=9616, stack(0x0000004e47600000,0x0000004e47700000)]
  0x00000201f73c2800 JavaThread "Unconstrained build operations Thread 138" [_thread_blocked, id=43124, stack(0x0000004e47700000,0x0000004e47800000)]
  0x00000201f73c2d10 JavaThread "Unconstrained build operations Thread 139" [_thread_blocked, id=39624, stack(0x0000004e47800000,0x0000004e47900000)]
  0x00000201f73bfa70 JavaThread "Unconstrained build operations Thread 140" [_thread_blocked, id=24868, stack(0x0000004e47900000,0x0000004e47a00000)]
  0x00000201f73c3220 JavaThread "Unconstrained build operations Thread 141" [_thread_blocked, id=42260, stack(0x0000004e47a00000,0x0000004e47b00000)]
  0x00000201f73c0490 JavaThread "Unconstrained build operations Thread 142" [_thread_blocked, id=14184, stack(0x0000004e47b00000,0x0000004e47c00000)]
  0x00000201f73bff80 JavaThread "Unconstrained build operations Thread 143" [_thread_blocked, id=38936, stack(0x0000004e47c00000,0x0000004e47d00000)]

Other Threads:
=>0x00000201ed3bf840 VMThread "VM Thread" [stack: 0x0000004e37500000,0x0000004e37600000] [id=40004]
  0x00000201ed1f3410 WatcherThread [stack: 0x0000004e38500000,0x0000004e38600000] [id=42892]
  0x00000201cbc7ecc0 GCTaskThread "GC Thread#0" [stack: 0x0000004e37000000,0x0000004e37100000] [id=41388]
  0x00000201f2f090f0 GCTaskThread "GC Thread#1" [stack: 0x0000004e38900000,0x0000004e38a00000] [id=22948]
  0x00000201f271b800 GCTaskThread "GC Thread#2" [stack: 0x0000004e38a00000,0x0000004e38b00000] [id=29976]
  0x00000201f217e680 GCTaskThread "GC Thread#3" [stack: 0x0000004e38b00000,0x0000004e38c00000] [id=42792]
  0x00000201f271bac0 GCTaskThread "GC Thread#4" [stack: 0x0000004e38c00000,0x0000004e38d00000] [id=29908]
  0x00000201f271bd80 GCTaskThread "GC Thread#5" [stack: 0x0000004e38d00000,0x0000004e38e00000] [id=34440]
  0x00000201f271c040 GCTaskThread "GC Thread#6" [stack: 0x0000004e38e00000,0x0000004e38f00000] [id=36380]
  0x00000201f2730380 GCTaskThread "GC Thread#7" [stack: 0x0000004e38f00000,0x0000004e39000000] [id=36620]
  0x00000201f2730de0 GCTaskThread "GC Thread#8" [stack: 0x0000004e39000000,0x0000004e39100000] [id=22264]
  0x00000201f2d9d380 GCTaskThread "GC Thread#9" [stack: 0x0000004e39100000,0x0000004e39200000] [id=36356]
  0x00000201f2d9d640 GCTaskThread "GC Thread#10" [stack: 0x0000004e39200000,0x0000004e39300000] [id=40748]
  0x00000201f2d9e0a0 GCTaskThread "GC Thread#11" [stack: 0x0000004e39300000,0x0000004e39400000] [id=15096]
  0x00000201f56df050 GCTaskThread "GC Thread#12" [stack: 0x0000004e3a200000,0x0000004e3a300000] [id=43516]
  0x00000201f56de550 GCTaskThread "GC Thread#13" [stack: 0x0000004e3a300000,0x0000004e3a400000] [id=34488]
  0x00000201f56de810 GCTaskThread "GC Thread#14" [stack: 0x0000004e3a400000,0x0000004e3a500000] [id=43380]
  0x00000201f56df310 GCTaskThread "GC Thread#15" [stack: 0x0000004e3a500000,0x0000004e3a600000] [id=39476]
  0x00000201f56df890 GCTaskThread "GC Thread#16" [stack: 0x0000004e3a600000,0x0000004e3a700000] [id=38292]
  0x00000201f56ddfd0 GCTaskThread "GC Thread#17" [stack: 0x0000004e3a700000,0x0000004e3a800000] [id=22188]
  0x00000201cdf951c0 ConcurrentGCThread "G1 Main Marker" [stack: 0x0000004e37100000,0x0000004e37200000] [id=37296]
  0x00000201cdfe7080 ConcurrentGCThread "G1 Conc#0" [stack: 0x0000004e37200000,0x0000004e37300000] [id=42576]
  0x00000201f56de290 ConcurrentGCThread "G1 Conc#1" [stack: 0x0000004e3a800000,0x0000004e3a900000] [id=41680]
  0x00000201f56df5d0 ConcurrentGCThread "G1 Conc#2" [stack: 0x0000004e3a900000,0x0000004e3aa00000] [id=28120]
  0x00000201f56dead0 ConcurrentGCThread "G1 Conc#3" [stack: 0x0000004e3aa00000,0x0000004e3ab00000] [id=13388]
  0x00000201f56ddd10 ConcurrentGCThread "G1 Conc#4" [stack: 0x0000004e3ab00000,0x0000004e3ac00000] [id=28388]
  0x00000201ed393570 ConcurrentGCThread "G1 Refine#0" [stack: 0x0000004e37300000,0x0000004e37400000] [id=43704]
  0x00000201f6f97db0 ConcurrentGCThread "G1 Refine#1" [stack: 0x0000004e41e00000,0x0000004e41f00000] [id=38136]
  0x00000201f52c5e10 ConcurrentGCThread "G1 Refine#2" [stack: 0x0000004e41f00000,0x0000004e42000000] [id=33736]
  0x00000201ed393c50 ConcurrentGCThread "G1 Service" [stack: 0x0000004e37400000,0x0000004e37500000] [id=30096]

Threads with active compile tasks:
C2 CompilerThread0     9149 14151   !   4       com.google.common.cache.LocalCache$Segment::get (210 bytes)
C2 CompilerThread1     9149 14150       4       com.google.common.cache.LocalCache::get (21 bytes)
C2 CompilerThread2     9149 14165       4       org.gradle.api.internal.artifacts.ivyservice.resolveengine.graph.builder.ComponentState::resolve (128 bytes)
C2 CompilerThread3     9149 14190       4       org.gradle.api.internal.attributes.DefaultImmutableAttributesFactory::concat (126 bytes)
C2 CompilerThread4     9149 14161       4       com.google.common.collect.LinkedHashMultimap$ValueSet::add (144 bytes)
C2 CompilerThread5     9149 14172   !   4       org.gradle.internal.lazy.LockingLazy::get (62 bytes)
C2 CompilerThread6     9149 14158       4       com.google.common.cache.LocalCache$Segment::recordWrite (72 bytes)

VM state: at safepoint (normal execution)

VM Mutex/Monitor currently owned by a thread:  ([mutex/lock_event])
[0x00000201cbbb6c60] Threads_lock - owner thread: 0x00000201ed3bf840
[0x00000201cdf74490] Heap_lock - owner thread: 0x00000201f2f669d0

Heap address: 0x0000000080000000, size: 2048 MB, Compressed Oops mode: 32-bit

CDS archive(s) mapped at: [0x0000020180000000-0x0000020180bd0000-0x0000020180bd0000), size 12386304, SharedBaseAddress: 0x0000020180000000, ArchiveRelocationMode: 1.
Compressed class space mapped at: 0x0000020181000000-0x00000201c1000000, reserved size: 1073741824
Narrow klass base: 0x0000020180000000, Narrow klass shift: 0, Narrow klass range: 0x100000000

GC Precious Log:
 CPUs: 24 total, 24 available
 Memory: 32559M
 Large Page Support: Disabled
 NUMA Support: Disabled
 Compressed Oops: Enabled (32-bit)
 Heap Region Size: 1M
 Heap Min Capacity: 8M
 Heap Initial Capacity: 510M
 Heap Max Capacity: 2G
 Pre-touch: Disabled
 Parallel Workers: 18
 Concurrent Workers: 5
 Concurrent Refinement Workers: 18
 Periodic GC: Disabled

Heap:
 garbage-first heap   total 280576K, used 164339K [0x0000000080000000, 0x0000000100000000)
  region size 1024K, 9 young (9216K), 9 survivors (9216K)
 Metaspace       used 111352K, committed 112192K, reserved 1179648K
  class space    used 14997K, committed 15424K, reserved 1048576K

Heap Regions: E=young(eden), S=young(survivor), O=old, HS=humongous(starts), HC=humongous(continues), CS=collection set, F=free, OA=open archive, CA=closed archive, TAMS=top-at-mark-start (previous, next)
|   0|0x0000000080000000, 0x0000000080100000, 0x0000000080100000|100%|HS|  |TAMS 0x0000000080100000, 0x0000000080100000| Complete 
|   1|0x0000000080100000, 0x0000000080200000, 0x0000000080200000|100%|HC|  |TAMS 0x0000000080200000, 0x0000000080200000| Complete 
|   2|0x0000000080200000, 0x0000000080300000, 0x0000000080300000|100%|HC|  |TAMS 0x0000000080300000, 0x0000000080300000| Complete 
|   3|0x0000000080300000, 0x0000000080400000, 0x0000000080400000|100%|HC|  |TAMS 0x0000000080400000, 0x0000000080400000| Complete 
|   4|0x0000000080400000, 0x0000000080500000, 0x0000000080500000|100%| O|  |TAMS 0x0000000080500000, 0x0000000080500000| Untracked 
|   5|0x0000000080500000, 0x0000000080600000, 0x0000000080600000|100%| O|  |TAMS 0x0000000080600000, 0x0000000080600000| Untracked 
|   6|0x0000000080600000, 0x0000000080700000, 0x0000000080700000|100%| O|  |TAMS 0x0000000080700000, 0x0000000080700000| Untracked 
|   7|0x0000000080700000, 0x0000000080800000, 0x0000000080800000|100%| O|  |TAMS 0x0000000080800000, 0x0000000080800000| Untracked 
|   8|0x0000000080800000, 0x0000000080900000, 0x0000000080900000|100%| O|  |TAMS 0x0000000080900000, 0x0000000080900000| Untracked 
|   9|0x0000000080900000, 0x0000000080a00000, 0x0000000080a00000|100%| O|  |TAMS 0x0000000080a00000, 0x0000000080a00000| Untracked 
|  10|0x0000000080a00000, 0x0000000080adca00, 0x0000000080b00000| 86%| O|  |TAMS 0x0000000080adca00, 0x0000000080adca00| Untracked 
|  11|0x0000000080b00000, 0x0000000080c00000, 0x0000000080c00000|100%|HS|  |TAMS 0x0000000080c00000, 0x0000000080c00000| Complete 
|  12|0x0000000080c00000, 0x0000000080d00000, 0x0000000080d00000|100%|HC|  |TAMS 0x0000000080d00000, 0x0000000080d00000| Complete 
|  13|0x0000000080d00000, 0x0000000080e00000, 0x0000000080e00000|100%|HC|  |TAMS 0x0000000080e00000, 0x0000000080e00000| Complete 
|  14|0x0000000080e00000, 0x0000000080f00000, 0x0000000080f00000|100%|HC|  |TAMS 0x0000000080f00000, 0x0000000080f00000| Complete 
|  15|0x0000000080f00000, 0x0000000081000000, 0x0000000081000000|100%|HC|  |TAMS 0x0000000081000000, 0x0000000081000000| Complete 
|  16|0x0000000081000000, 0x0000000081100000, 0x0000000081100000|100%|HC|  |TAMS 0x0000000081100000, 0x0000000081100000| Complete 
|  17|0x0000000081100000, 0x0000000081200000, 0x0000000081200000|100%|HS|  |TAMS 0x0000000081200000, 0x0000000081200000| Complete 
|  18|0x0000000081200000, 0x0000000081300000, 0x0000000081300000|100%|HC|  |TAMS 0x0000000081300000, 0x0000000081300000| Complete 
|  19|0x0000000081300000, 0x0000000081400000, 0x0000000081400000|100%|HC|  |TAMS 0x0000000081400000, 0x0000000081400000| Complete 
|  20|0x0000000081400000, 0x0000000081500000, 0x0000000081500000|100%|HS|  |TAMS 0x0000000081500000, 0x0000000081500000| Complete 
|  21|0x0000000081500000, 0x0000000081600000, 0x0000000081600000|100%|HC|  |TAMS 0x0000000081600000, 0x0000000081600000| Complete 
|  22|0x0000000081600000, 0x0000000081700000, 0x0000000081700000|100%| O|  |TAMS 0x0000000081600000, 0x0000000081700000| Untracked 
|  23|0x0000000081700000, 0x0000000081800000, 0x0000000081800000|100%| O|  |TAMS 0x0000000081800000, 0x0000000081800000| Untracked 
|  24|0x0000000081800000, 0x0000000081900000, 0x0000000081900000|100%| O|  |TAMS 0x0000000081900000, 0x0000000081900000| Untracked 
|  25|0x0000000081900000, 0x0000000081a00000, 0x0000000081a00000|100%| O|  |TAMS 0x0000000081a00000, 0x0000000081a00000| Untracked 
|  26|0x0000000081a00000, 0x0000000081b00000, 0x0000000081b00000|100%| O|  |TAMS 0x0000000081b00000, 0x0000000081b00000| Untracked 
|  27|0x0000000081b00000, 0x0000000081c00000, 0x0000000081c00000|100%| O|  |TAMS 0x0000000081c00000, 0x0000000081c00000| Untracked 
|  28|0x0000000081c00000, 0x0000000081d00000, 0x0000000081d00000|100%|HS|  |TAMS 0x0000000081d00000, 0x0000000081d00000| Complete 
|  29|0x0000000081d00000, 0x0000000081e00000, 0x0000000081e00000|100%|HC|  |TAMS 0x0000000081e00000, 0x0000000081e00000| Complete 
|  30|0x0000000081e00000, 0x0000000081f00000, 0x0000000081f00000|100%| O|  |TAMS 0x0000000081f00000, 0x0000000081f00000| Untracked 
|  31|0x0000000081f00000, 0x0000000082000000, 0x0000000082000000|100%| O|  |TAMS 0x0000000082000000, 0x0000000082000000| Untracked 
|  32|0x0000000082000000, 0x0000000082100000, 0x0000000082100000|100%| O|  |TAMS 0x0000000082100000, 0x0000000082100000| Untracked 
|  33|0x0000000082100000, 0x0000000082200000, 0x0000000082200000|100%| O|  |TAMS 0x0000000082200000, 0x0000000082200000| Untracked 
|  34|0x0000000082200000, 0x0000000082300000, 0x0000000082300000|100%| O|  |TAMS 0x0000000082300000, 0x0000000082300000| Untracked 
|  35|0x0000000082300000, 0x0000000082400000, 0x0000000082400000|100%| O|  |TAMS 0x0000000082400000, 0x0000000082400000| Untracked 
|  36|0x0000000082400000, 0x0000000082500000, 0x0000000082500000|100%| O|  |TAMS 0x0000000082500000, 0x0000000082500000| Untracked 
|  37|0x0000000082500000, 0x0000000082600000, 0x0000000082600000|100%| O|  |TAMS 0x0000000082600000, 0x0000000082600000| Untracked 
|  38|0x0000000082600000, 0x0000000082700000, 0x0000000082700000|100%| O|  |TAMS 0x0000000082700000, 0x0000000082700000| Untracked 
|  39|0x0000000082700000, 0x0000000082800000, 0x0000000082800000|100%| O|  |TAMS 0x0000000082800000, 0x0000000082800000| Untracked 
|  40|0x0000000082800000, 0x0000000082900000, 0x0000000082900000|100%| O|  |TAMS 0x0000000082900000, 0x0000000082900000| Untracked 
|  41|0x0000000082900000, 0x0000000082a00000, 0x0000000082a00000|100%| O|  |TAMS 0x0000000082a00000, 0x0000000082a00000| Untracked 
|  42|0x0000000082a00000, 0x0000000082b00000, 0x0000000082b00000|100%| O|  |TAMS 0x0000000082b00000, 0x0000000082b00000| Untracked 
|  43|0x0000000082b00000, 0x0000000082c00000, 0x0000000082c00000|100%| O|  |TAMS 0x0000000082c00000, 0x0000000082c00000| Untracked 
|  44|0x0000000082c00000, 0x0000000082d00000, 0x0000000082d00000|100%| O|  |TAMS 0x0000000082d00000, 0x0000000082d00000| Untracked 
|  45|0x0000000082d00000, 0x0000000082e00000, 0x0000000082e00000|100%| O|  |TAMS 0x0000000082e00000, 0x0000000082e00000| Untracked 
|  46|0x0000000082e00000, 0x0000000082f00000, 0x0000000082f00000|100%| O|  |TAMS 0x0000000082f00000, 0x0000000082f00000| Untracked 
|  47|0x0000000082f00000, 0x0000000083000000, 0x0000000083000000|100%| O|  |TAMS 0x0000000083000000, 0x0000000083000000| Untracked 
|  48|0x0000000083000000, 0x0000000083100000, 0x0000000083100000|100%| O|  |TAMS 0x0000000083100000, 0x0000000083100000| Untracked 
|  49|0x0000000083100000, 0x0000000083200000, 0x0000000083200000|100%| O|  |TAMS 0x0000000083200000, 0x0000000083200000| Untracked 
|  50|0x0000000083200000, 0x0000000083300000, 0x0000000083300000|100%| O|  |TAMS 0x0000000083300000, 0x0000000083300000| Untracked 
|  51|0x0000000083300000, 0x0000000083400000, 0x0000000083400000|100%| O|  |TAMS 0x0000000083400000, 0x0000000083400000| Untracked 
|  52|0x0000000083400000, 0x0000000083500000, 0x0000000083500000|100%| O|  |TAMS 0x0000000083500000, 0x0000000083500000| Untracked 
|  53|0x0000000083500000, 0x0000000083600000, 0x0000000083600000|100%| O|  |TAMS 0x0000000083600000, 0x0000000083600000| Untracked 
|  54|0x0000000083600000, 0x0000000083700000, 0x0000000083700000|100%| O|  |TAMS 0x0000000083700000, 0x0000000083700000| Untracked 
|  55|0x0000000083700000, 0x0000000083800000, 0x0000000083800000|100%| O|  |TAMS 0x0000000083800000, 0x0000000083800000| Untracked 
|  56|0x0000000083800000, 0x0000000083900000, 0x0000000083900000|100%| O|  |TAMS 0x0000000083900000, 0x0000000083900000| Untracked 
|  57|0x0000000083900000, 0x0000000083a00000, 0x0000000083a00000|100%| O|  |TAMS 0x0000000083a00000, 0x0000000083a00000| Untracked 
|  58|0x0000000083a00000, 0x0000000083b00000, 0x0000000083b00000|100%| O|  |TAMS 0x0000000083b00000, 0x0000000083b00000| Untracked 
|  59|0x0000000083b00000, 0x0000000083c00000, 0x0000000083c00000|100%|HS|  |TAMS 0x0000000083c00000, 0x0000000083c00000| Complete 
|  60|0x0000000083c00000, 0x0000000083d00000, 0x0000000083d00000|100%|HC|  |TAMS 0x0000000083d00000, 0x0000000083d00000| Complete 
|  61|0x0000000083d00000, 0x0000000083e00000, 0x0000000083e00000|100%|HC|  |TAMS 0x0000000083e00000, 0x0000000083e00000| Complete 
|  62|0x0000000083e00000, 0x0000000083f00000, 0x0000000083f00000|100%|HC|  |TAMS 0x0000000083f00000, 0x0000000083f00000| Complete 
|  63|0x0000000083f00000, 0x0000000084000000, 0x0000000084000000|100%|HC|  |TAMS 0x0000000084000000, 0x0000000084000000| Complete 
|  64|0x0000000084000000, 0x0000000084100000, 0x0000000084100000|100%|HC|  |TAMS 0x0000000084100000, 0x0000000084100000| Complete 
|  65|0x0000000084100000, 0x0000000084200000, 0x0000000084200000|100%|HS|  |TAMS 0x0000000084200000, 0x0000000084200000| Complete 
|  66|0x0000000084200000, 0x0000000084300000, 0x0000000084300000|100%|HC|  |TAMS 0x0000000084300000, 0x0000000084300000| Complete 
|  67|0x0000000084300000, 0x0000000084400000, 0x0000000084400000|100%|HC|  |TAMS 0x0000000084400000, 0x0000000084400000| Complete 
|  68|0x0000000084400000, 0x0000000084500000, 0x0000000084500000|100%|HC|  |TAMS 0x0000000084500000, 0x0000000084500000| Complete 
|  69|0x0000000084500000, 0x0000000084600000, 0x0000000084600000|100%|HC|  |TAMS 0x0000000084600000, 0x0000000084600000| Complete 
|  70|0x0000000084600000, 0x0000000084700000, 0x0000000084700000|100%|HC|  |TAMS 0x0000000084700000, 0x0000000084700000| Complete 
|  71|0x0000000084700000, 0x0000000084800000, 0x0000000084800000|100%| O|  |TAMS 0x0000000084800000, 0x0000000084800000| Untracked 
|  72|0x0000000084800000, 0x0000000084800000, 0x0000000084900000|  0%| F|  |TAMS 0x0000000084800000, 0x0000000084800000| Untracked 
|  73|0x0000000084900000, 0x0000000084a00000, 0x0000000084a00000|100%|HS|  |TAMS 0x0000000084a00000, 0x0000000084a00000| Complete 
|  74|0x0000000084a00000, 0x0000000084b00000, 0x0000000084b00000|100%|HS|  |TAMS 0x0000000084b00000, 0x0000000084b00000| Complete 
|  75|0x0000000084b00000, 0x0000000084c00000, 0x0000000084c00000|100%|HC|  |TAMS 0x0000000084c00000, 0x0000000084c00000| Complete 
|  76|0x0000000084c00000, 0x0000000084d00000, 0x0000000084d00000|100%|HS|  |TAMS 0x0000000084d00000, 0x0000000084d00000| Complete 
|  77|0x0000000084d00000, 0x0000000084e00000, 0x0000000084e00000|100%|HS|  |TAMS 0x0000000084e00000, 0x0000000084e00000| Complete 
|  78|0x0000000084e00000, 0x0000000084f00000, 0x0000000084f00000|100%|HC|  |TAMS 0x0000000084f00000, 0x0000000084f00000| Complete 
|  79|0x0000000084f00000, 0x0000000085000000, 0x0000000085000000|100%|HS|  |TAMS 0x0000000085000000, 0x0000000085000000| Complete 
|  80|0x0000000085000000, 0x0000000085100000, 0x0000000085100000|100%|HS|  |TAMS 0x0000000085100000, 0x0000000085100000| Complete 
|  81|0x0000000085100000, 0x0000000085200000, 0x0000000085200000|100%| O|  |TAMS 0x0000000085200000, 0x0000000085200000| Untracked 
|  82|0x0000000085200000, 0x0000000085300000, 0x0000000085300000|100%|HS|  |TAMS 0x0000000085300000, 0x0000000085300000| Complete 
|  83|0x0000000085300000, 0x0000000085400000, 0x0000000085400000|100%|HS|  |TAMS 0x0000000085400000, 0x0000000085400000| Complete 
|  84|0x0000000085400000, 0x0000000085500000, 0x0000000085500000|100%| O|  |TAMS 0x0000000085500000, 0x0000000085500000| Untracked 
|  85|0x0000000085500000, 0x0000000085600000, 0x0000000085600000|100%| O|  |TAMS 0x0000000085600000, 0x0000000085600000| Untracked 
|  86|0x0000000085600000, 0x0000000085700000, 0x0000000085700000|100%| O|  |TAMS 0x0000000085700000, 0x0000000085700000| Untracked 
|  87|0x0000000085700000, 0x0000000085800000, 0x0000000085800000|100%| O|  |TAMS 0x0000000085800000, 0x0000000085800000| Untracked 
|  88|0x0000000085800000, 0x0000000085900000, 0x0000000085900000|100%|HS|  |TAMS 0x0000000085900000, 0x0000000085900000| Complete 
|  89|0x0000000085900000, 0x0000000085a00000, 0x0000000085a00000|100%|HS|  |TAMS 0x0000000085a00000, 0x0000000085a00000| Complete 
|  90|0x0000000085a00000, 0x0000000085b00000, 0x0000000085b00000|100%| O|  |TAMS 0x0000000085b00000, 0x0000000085b00000| Untracked 
|  91|0x0000000085b00000, 0x0000000085c00000, 0x0000000085c00000|100%| O|  |TAMS 0x0000000085c00000, 0x0000000085c00000| Untracked 
|  92|0x0000000085c00000, 0x0000000085d00000, 0x0000000085d00000|100%| O|  |TAMS 0x0000000085d00000, 0x0000000085d00000| Untracked 
|  93|0x0000000085d00000, 0x0000000085e00000, 0x0000000085e00000|100%| O|  |TAMS 0x0000000085e00000, 0x0000000085e00000| Untracked 
|  94|0x0000000085e00000, 0x0000000085f00000, 0x0000000085f00000|100%| O|  |TAMS 0x0000000085f00000, 0x0000000085f00000| Untracked 
|  95|0x0000000085f00000, 0x0000000086000000, 0x0000000086000000|100%| O|  |TAMS 0x0000000086000000, 0x0000000086000000| Untracked 
|  96|0x0000000086000000, 0x0000000086100000, 0x0000000086100000|100%| O|  |TAMS 0x0000000086100000, 0x0000000086100000| Untracked 
|  97|0x0000000086100000, 0x0000000086200000, 0x0000000086200000|100%| O|  |TAMS 0x0000000086200000, 0x0000000086200000| Untracked 
|  98|0x0000000086200000, 0x0000000086300000, 0x0000000086300000|100%| O|  |TAMS 0x0000000086300000, 0x0000000086300000| Untracked 
|  99|0x0000000086300000, 0x0000000086400000, 0x0000000086400000|100%| O|  |TAMS 0x0000000086400000, 0x0000000086400000| Untracked 
| 100|0x0000000086400000, 0x0000000086500000, 0x0000000086500000|100%| O|  |TAMS 0x0000000086500000, 0x0000000086500000| Untracked 
| 101|0x0000000086500000, 0x0000000086600000, 0x0000000086600000|100%| O|  |TAMS 0x0000000086600000, 0x0000000086600000| Untracked 
| 102|0x0000000086600000, 0x0000000086700000, 0x0000000086700000|100%| O|  |TAMS 0x0000000086700000, 0x0000000086700000| Untracked 
| 103|0x0000000086700000, 0x0000000086800000, 0x0000000086800000|100%| O|  |TAMS 0x0000000086800000, 0x0000000086800000| Untracked 
| 104|0x0000000086800000, 0x0000000086900000, 0x0000000086900000|100%| O|  |TAMS 0x0000000086900000, 0x0000000086900000| Untracked 
| 105|0x0000000086900000, 0x0000000086a00000, 0x0000000086a00000|100%| O|  |TAMS 0x0000000086a00000, 0x0000000086a00000| Untracked 
| 106|0x0000000086a00000, 0x0000000086b00000, 0x0000000086b00000|100%| O|  |TAMS 0x0000000086b00000, 0x0000000086b00000| Untracked 
| 107|0x0000000086b00000, 0x0000000086c00000, 0x0000000086c00000|100%| O|  |TAMS 0x0000000086c00000, 0x0000000086c00000| Untracked 
| 108|0x0000000086c00000, 0x0000000086d00000, 0x0000000086d00000|100%| O|  |TAMS 0x0000000086d00000, 0x0000000086d00000| Untracked 
| 109|0x0000000086d00000, 0x0000000086e00000, 0x0000000086e00000|100%| O|  |TAMS 0x0000000086e00000, 0x0000000086e00000| Untracked 
| 110|0x0000000086e00000, 0x0000000086f00000, 0x0000000086f00000|100%| O|  |TAMS 0x0000000086f00000, 0x0000000086f00000| Untracked 
| 111|0x0000000086f00000, 0x0000000087000000, 0x0000000087000000|100%| O|  |TAMS 0x0000000087000000, 0x0000000087000000| Untracked 
| 112|0x0000000087000000, 0x0000000087100000, 0x0000000087100000|100%| O|  |TAMS 0x0000000087100000, 0x0000000087100000| Untracked 
| 113|0x0000000087100000, 0x0000000087200000, 0x0000000087200000|100%|HS|  |TAMS 0x0000000087200000, 0x0000000087200000| Complete 
| 114|0x0000000087200000, 0x0000000087300000, 0x0000000087300000|100%|HC|  |TAMS 0x0000000087300000, 0x0000000087300000| Complete 
| 115|0x0000000087300000, 0x0000000087400000, 0x0000000087400000|100%|HS|  |TAMS 0x0000000087400000, 0x0000000087400000| Complete 
| 116|0x0000000087400000, 0x0000000087500000, 0x0000000087500000|100%|HS|  |TAMS 0x0000000087500000, 0x0000000087500000| Complete 
| 117|0x0000000087500000, 0x0000000087600000, 0x0000000087600000|100%|HC|  |TAMS 0x0000000087600000, 0x0000000087600000| Complete 
| 118|0x0000000087600000, 0x0000000087700000, 0x0000000087700000|100%|HC|  |TAMS 0x0000000087700000, 0x0000000087700000| Complete 
| 119|0x0000000087700000, 0x0000000087800000, 0x0000000087800000|100%|HC|  |TAMS 0x0000000087800000, 0x0000000087800000| Complete 
| 120|0x0000000087800000, 0x0000000087900000, 0x0000000087900000|100%|HC|  |TAMS 0x0000000087900000, 0x0000000087900000| Complete 
| 121|0x0000000087900000, 0x0000000087a00000, 0x0000000087a00000|100%|HC|  |TAMS 0x0000000087a00000, 0x0000000087a00000| Complete 
| 122|0x0000000087a00000, 0x0000000087b00000, 0x0000000087b00000|100%|HS|  |TAMS 0x0000000087b00000, 0x0000000087b00000| Complete 
| 123|0x0000000087b00000, 0x0000000087c00000, 0x0000000087c00000|100%|HC|  |TAMS 0x0000000087c00000, 0x0000000087c00000| Complete 
| 124|0x0000000087c00000, 0x0000000087d00000, 0x0000000087d00000|100%|HC|  |TAMS 0x0000000087d00000, 0x0000000087d00000| Complete 
| 125|0x0000000087d00000, 0x0000000087e00000, 0x0000000087e00000|100%|HS|  |TAMS 0x0000000087e00000, 0x0000000087e00000| Complete 
| 126|0x0000000087e00000, 0x0000000087f00000, 0x0000000087f00000|100%|HC|  |TAMS 0x0000000087f00000, 0x0000000087f00000| Complete 
| 127|0x0000000087f00000, 0x0000000088000000, 0x0000000088000000|100%|HS|  |TAMS 0x0000000088000000, 0x0000000088000000| Complete 
| 128|0x0000000088000000, 0x0000000088100000, 0x0000000088100000|100%| O|  |TAMS 0x0000000088100000, 0x0000000088100000| Untracked 
| 129|0x0000000088100000, 0x0000000088200000, 0x0000000088200000|100%| O|  |TAMS 0x0000000088200000, 0x0000000088200000| Untracked 
| 130|0x0000000088200000, 0x0000000088300000, 0x0000000088300000|100%| O|  |TAMS 0x0000000088300000, 0x0000000088300000| Untracked 
| 131|0x0000000088300000, 0x0000000088400000, 0x0000000088400000|100%| O|  |TAMS 0x0000000088400000, 0x0000000088400000| Untracked 
| 132|0x0000000088400000, 0x0000000088500000, 0x0000000088500000|100%| O|  |TAMS 0x0000000088500000, 0x0000000088500000| Untracked 
| 133|0x0000000088500000, 0x0000000088600000, 0x0000000088600000|100%| O|  |TAMS 0x0000000088600000, 0x0000000088600000| Untracked 
| 134|0x0000000088600000, 0x0000000088700000, 0x0000000088700000|100%| O|  |TAMS 0x0000000088700000, 0x0000000088700000| Untracked 
| 135|0x0000000088700000, 0x0000000088800000, 0x0000000088800000|100%| O|  |TAMS 0x0000000088800000, 0x0000000088800000| Untracked 
| 136|0x0000000088800000, 0x0000000088900000, 0x0000000088900000|100%| O|  |TAMS 0x0000000088900000, 0x0000000088900000| Untracked 
| 137|0x0000000088900000, 0x0000000088a00000, 0x0000000088a00000|100%| O|  |TAMS 0x0000000088a00000, 0x0000000088a00000| Untracked 
| 138|0x0000000088a00000, 0x0000000088b00000, 0x0000000088b00000|100%| O|  |TAMS 0x0000000088b00000, 0x0000000088b00000| Untracked 
| 139|0x0000000088b00000, 0x0000000088c00000, 0x0000000088c00000|100%| O|  |TAMS 0x0000000088c00000, 0x0000000088c00000| Untracked 
| 140|0x0000000088c00000, 0x0000000088d00000, 0x0000000088d00000|100%| O|  |TAMS 0x0000000088d00000, 0x0000000088d00000| Untracked 
| 141|0x0000000088d00000, 0x0000000088e00000, 0x0000000088e00000|100%| O|  |TAMS 0x0000000088e00000, 0x0000000088e00000| Untracked 
| 142|0x0000000088e00000, 0x0000000088f00000, 0x0000000088f00000|100%| O|  |TAMS 0x0000000088f00000, 0x0000000088f00000| Untracked 
| 143|0x0000000088f00000, 0x0000000089000000, 0x0000000089000000|100%| O|  |TAMS 0x0000000089000000, 0x0000000089000000| Untracked 
| 144|0x0000000089000000, 0x0000000089100000, 0x0000000089100000|100%| O|  |TAMS 0x0000000089100000, 0x0000000089100000| Untracked 
| 145|0x0000000089100000, 0x0000000089200000, 0x0000000089200000|100%| O|  |TAMS 0x0000000089200000, 0x0000000089200000| Untracked 
| 146|0x0000000089200000, 0x0000000089300000, 0x0000000089300000|100%| O|  |TAMS 0x0000000089300000, 0x0000000089300000| Untracked 
| 147|0x0000000089300000, 0x0000000089400000, 0x0000000089400000|100%| O|  |TAMS 0x0000000089400000, 0x0000000089400000| Untracked 
| 148|0x0000000089400000, 0x0000000089500000, 0x0000000089500000|100%| O|  |TAMS 0x0000000089500000, 0x0000000089500000| Untracked 
| 149|0x0000000089500000, 0x0000000089600000, 0x0000000089600000|100%| O|  |TAMS 0x0000000089600000, 0x0000000089600000| Untracked 
| 150|0x0000000089600000, 0x0000000089700000, 0x0000000089700000|100%| O|  |TAMS 0x0000000089642e00, 0x0000000089700000| Untracked 
| 151|0x0000000089700000, 0x0000000089800000, 0x0000000089800000|100%| O|  |TAMS 0x0000000089700000, 0x0000000089800000| Untracked 
| 152|0x0000000089800000, 0x0000000089900000, 0x0000000089900000|100%| O|  |TAMS 0x0000000089800000, 0x0000000089900000| Untracked 
| 153|0x0000000089900000, 0x000000008996d000, 0x0000000089a00000| 42%| O|  |TAMS 0x0000000089900000, 0x000000008996d000| Untracked 
| 154|0x0000000089a00000, 0x0000000089a00000, 0x0000000089b00000|  0%| F|  |TAMS 0x0000000089a00000, 0x0000000089a00000| Untracked 
| 155|0x0000000089b00000, 0x0000000089b00000, 0x0000000089c00000|  0%| F|  |TAMS 0x0000000089b00000, 0x0000000089b00000| Untracked 
| 156|0x0000000089c00000, 0x0000000089c00000, 0x0000000089d00000|  0%| F|  |TAMS 0x0000000089c00000, 0x0000000089c00000| Untracked 
| 157|0x0000000089d00000, 0x0000000089d00000, 0x0000000089e00000|  0%| F|  |TAMS 0x0000000089d00000, 0x0000000089d00000| Untracked 
| 158|0x0000000089e00000, 0x0000000089e00000, 0x0000000089f00000|  0%| F|  |TAMS 0x0000000089e00000, 0x0000000089e00000| Untracked 
| 159|0x0000000089f00000, 0x0000000089f00000, 0x000000008a000000|  0%| F|  |TAMS 0x0000000089f00000, 0x0000000089f00000| Untracked 
| 160|0x000000008a000000, 0x000000008a000000, 0x000000008a100000|  0%| F|  |TAMS 0x000000008a000000, 0x000000008a000000| Untracked 
| 161|0x000000008a100000, 0x000000008a100000, 0x000000008a200000|  0%| F|  |TAMS 0x000000008a100000, 0x000000008a100000| Untracked 
| 162|0x000000008a200000, 0x000000008a200000, 0x000000008a300000|  0%| F|  |TAMS 0x000000008a200000, 0x000000008a200000| Untracked 
| 163|0x000000008a300000, 0x000000008a300000, 0x000000008a400000|  0%| F|  |TAMS 0x000000008a300000, 0x000000008a300000| Untracked 
| 164|0x000000008a400000, 0x000000008a400000, 0x000000008a500000|  0%| F|  |TAMS 0x000000008a400000, 0x000000008a400000| Untracked 
| 165|0x000000008a500000, 0x000000008a500000, 0x000000008a600000|  0%| F|  |TAMS 0x000000008a500000, 0x000000008a500000| Untracked 
| 166|0x000000008a600000, 0x000000008a600000, 0x000000008a700000|  0%| F|  |TAMS 0x000000008a600000, 0x000000008a600000| Untracked 
| 167|0x000000008a700000, 0x000000008a700000, 0x000000008a800000|  0%| F|  |TAMS 0x000000008a700000, 0x000000008a700000| Untracked 
| 168|0x000000008a800000, 0x000000008a800000, 0x000000008a900000|  0%| F|  |TAMS 0x000000008a800000, 0x000000008a800000| Untracked 
| 169|0x000000008a900000, 0x000000008a900000, 0x000000008aa00000|  0%| F|  |TAMS 0x000000008a900000, 0x000000008a900000| Untracked 
| 170|0x000000008aa00000, 0x000000008aa00000, 0x000000008ab00000|  0%| F|  |TAMS 0x000000008aa00000, 0x000000008aa00000| Untracked 
| 171|0x000000008ab00000, 0x000000008ab00000, 0x000000008ac00000|  0%| F|  |TAMS 0x000000008ab00000, 0x000000008ab00000| Untracked 
| 172|0x000000008ac00000, 0x000000008ac00000, 0x000000008ad00000|  0%| F|  |TAMS 0x000000008ac00000, 0x000000008ac00000| Untracked 
| 173|0x000000008ad00000, 0x000000008ad00000, 0x000000008ae00000|  0%| F|  |TAMS 0x000000008ad00000, 0x000000008ad00000| Untracked 
| 174|0x000000008ae00000, 0x000000008ae00000, 0x000000008af00000|  0%| F|  |TAMS 0x000000008ae00000, 0x000000008ae00000| Untracked 
| 175|0x000000008af00000, 0x000000008af00000, 0x000000008b000000|  0%| F|  |TAMS 0x000000008af00000, 0x000000008af00000| Untracked 
| 176|0x000000008b000000, 0x000000008b000000, 0x000000008b100000|  0%| F|  |TAMS 0x000000008b000000, 0x000000008b000000| Untracked 
| 177|0x000000008b100000, 0x000000008b100000, 0x000000008b200000|  0%| F|  |TAMS 0x000000008b100000, 0x000000008b100000| Untracked 
| 178|0x000000008b200000, 0x000000008b200000, 0x000000008b300000|  0%| F|  |TAMS 0x000000008b200000, 0x000000008b200000| Untracked 
| 179|0x000000008b300000, 0x000000008b300000, 0x000000008b400000|  0%| F|  |TAMS 0x000000008b300000, 0x000000008b300000| Untracked 
| 180|0x000000008b400000, 0x000000008b400000, 0x000000008b500000|  0%| F|  |TAMS 0x000000008b400000, 0x000000008b400000| Untracked 
| 181|0x000000008b500000, 0x000000008b500000, 0x000000008b600000|  0%| F|  |TAMS 0x000000008b500000, 0x000000008b500000| Untracked 
| 182|0x000000008b600000, 0x000000008b600000, 0x000000008b700000|  0%| F|  |TAMS 0x000000008b600000, 0x000000008b600000| Untracked 
| 183|0x000000008b700000, 0x000000008b700000, 0x000000008b800000|  0%| F|  |TAMS 0x000000008b700000, 0x000000008b700000| Untracked 
| 184|0x000000008b800000, 0x000000008b800000, 0x000000008b900000|  0%| F|  |TAMS 0x000000008b800000, 0x000000008b800000| Untracked 
| 185|0x000000008b900000, 0x000000008b900000, 0x000000008ba00000|  0%| F|  |TAMS 0x000000008b900000, 0x000000008b900000| Untracked 
| 186|0x000000008ba00000, 0x000000008ba00000, 0x000000008bb00000|  0%| F|  |TAMS 0x000000008ba00000, 0x000000008ba00000| Untracked 
| 187|0x000000008bb00000, 0x000000008bb00000, 0x000000008bc00000|  0%| F|  |TAMS 0x000000008bb00000, 0x000000008bb00000| Untracked 
| 188|0x000000008bc00000, 0x000000008bc00000, 0x000000008bd00000|  0%| F|  |TAMS 0x000000008bc00000, 0x000000008bc00000| Untracked 
| 189|0x000000008bd00000, 0x000000008bd00000, 0x000000008be00000|  0%| F|  |TAMS 0x000000008bd00000, 0x000000008bd00000| Untracked 
| 190|0x000000008be00000, 0x000000008be334c0, 0x000000008bf00000| 20%| S|CS|TAMS 0x000000008be00000, 0x000000008be00000| Complete 
| 191|0x000000008bf00000, 0x000000008c000000, 0x000000008c000000|100%| S|CS|TAMS 0x000000008bf00000, 0x000000008bf00000| Complete 
| 192|0x000000008c000000, 0x000000008c100000, 0x000000008c100000|100%| S|CS|TAMS 0x000000008c000000, 0x000000008c000000| Complete 
| 193|0x000000008c100000, 0x000000008c200000, 0x000000008c200000|100%| S|CS|TAMS 0x000000008c100000, 0x000000008c100000| Complete 
| 194|0x000000008c200000, 0x000000008c300000, 0x000000008c300000|100%| S|CS|TAMS 0x000000008c200000, 0x000000008c200000| Complete 
| 195|0x000000008c300000, 0x000000008c400000, 0x000000008c400000|100%| S|CS|TAMS 0x000000008c300000, 0x000000008c300000| Complete 
| 196|0x000000008c400000, 0x000000008c500000, 0x000000008c500000|100%| S|CS|TAMS 0x000000008c400000, 0x000000008c400000| Complete 
| 197|0x000000008c500000, 0x000000008c600000, 0x000000008c600000|100%| S|CS|TAMS 0x000000008c500000, 0x000000008c500000| Complete 
| 198|0x000000008c600000, 0x000000008c700000, 0x000000008c700000|100%| S|CS|TAMS 0x000000008c600000, 0x000000008c600000| Complete 
| 199|0x000000008c700000, 0x000000008c700000, 0x000000008c800000|  0%| F|  |TAMS 0x000000008c700000, 0x000000008c700000| Untracked 
| 200|0x000000008c800000, 0x000000008c800000, 0x000000008c900000|  0%| F|  |TAMS 0x000000008c800000, 0x000000008c800000| Untracked 
| 201|0x000000008c900000, 0x000000008c900000, 0x000000008ca00000|  0%| F|  |TAMS 0x000000008c900000, 0x000000008c900000| Untracked 
| 202|0x000000008ca00000, 0x000000008ca00000, 0x000000008cb00000|  0%| F|  |TAMS 0x000000008ca00000, 0x000000008ca00000| Untracked 
| 203|0x000000008cb00000, 0x000000008cb00000, 0x000000008cc00000|  0%| F|  |TAMS 0x000000008cb00000, 0x000000008cb00000| Untracked 
| 204|0x000000008cc00000, 0x000000008cc00000, 0x000000008cd00000|  0%| F|  |TAMS 0x000000008cc00000, 0x000000008cc00000| Untracked 
| 205|0x000000008cd00000, 0x000000008cd00000, 0x000000008ce00000|  0%| F|  |TAMS 0x000000008cd00000, 0x000000008cd00000| Untracked 
| 206|0x000000008ce00000, 0x000000008ce00000, 0x000000008cf00000|  0%| F|  |TAMS 0x000000008ce00000, 0x000000008ce00000| Untracked 
| 207|0x000000008cf00000, 0x000000008cf00000, 0x000000008d000000|  0%| F|  |TAMS 0x000000008cf00000, 0x000000008cf00000| Untracked 
| 208|0x000000008d000000, 0x000000008d000000, 0x000000008d100000|  0%| F|  |TAMS 0x000000008d000000, 0x000000008d000000| Untracked 
| 209|0x000000008d100000, 0x000000008d100000, 0x000000008d200000|  0%| F|  |TAMS 0x000000008d100000, 0x000000008d100000| Untracked 
| 210|0x000000008d200000, 0x000000008d200000, 0x000000008d300000|  0%| F|  |TAMS 0x000000008d200000, 0x000000008d200000| Untracked 
| 211|0x000000008d300000, 0x000000008d300000, 0x000000008d400000|  0%| F|  |TAMS 0x000000008d300000, 0x000000008d300000| Untracked 
| 212|0x000000008d400000, 0x000000008d400000, 0x000000008d500000|  0%| F|  |TAMS 0x000000008d400000, 0x000000008d400000| Untracked 
| 213|0x000000008d500000, 0x000000008d500000, 0x000000008d600000|  0%| F|  |TAMS 0x000000008d500000, 0x000000008d500000| Untracked 
| 214|0x000000008d600000, 0x000000008d600000, 0x000000008d700000|  0%| F|  |TAMS 0x000000008d600000, 0x000000008d600000| Untracked 
| 215|0x000000008d700000, 0x000000008d700000, 0x000000008d800000|  0%| F|  |TAMS 0x000000008d700000, 0x000000008d700000| Untracked 
| 216|0x000000008d800000, 0x000000008d800000, 0x000000008d900000|  0%| F|  |TAMS 0x000000008d800000, 0x000000008d800000| Untracked 
| 217|0x000000008d900000, 0x000000008d900000, 0x000000008da00000|  0%| F|  |TAMS 0x000000008d900000, 0x000000008d900000| Untracked 
| 218|0x000000008da00000, 0x000000008da00000, 0x000000008db00000|  0%| F|  |TAMS 0x000000008da00000, 0x000000008da00000| Untracked 
| 219|0x000000008db00000, 0x000000008db00000, 0x000000008dc00000|  0%| F|  |TAMS 0x000000008db00000, 0x000000008db00000| Untracked 
| 220|0x000000008dc00000, 0x000000008dc00000, 0x000000008dd00000|  0%| F|  |TAMS 0x000000008dc00000, 0x000000008dc00000| Untracked 
| 221|0x000000008dd00000, 0x000000008dd00000, 0x000000008de00000|  0%| F|  |TAMS 0x000000008dd00000, 0x000000008dd00000| Untracked 
| 222|0x000000008de00000, 0x000000008de00000, 0x000000008df00000|  0%| F|  |TAMS 0x000000008de00000, 0x000000008de00000| Untracked 
| 223|0x000000008df00000, 0x000000008df00000, 0x000000008e000000|  0%| F|  |TAMS 0x000000008df00000, 0x000000008df00000| Untracked 
| 224|0x000000008e000000, 0x000000008e000000, 0x000000008e100000|  0%| F|  |TAMS 0x000000008e000000, 0x000000008e000000| Untracked 
| 225|0x000000008e100000, 0x000000008e100000, 0x000000008e200000|  0%| F|  |TAMS 0x000000008e100000, 0x000000008e100000| Untracked 
| 226|0x000000008e200000, 0x000000008e200000, 0x000000008e300000|  0%| F|  |TAMS 0x000000008e200000, 0x000000008e200000| Untracked 
| 227|0x000000008e300000, 0x000000008e300000, 0x000000008e400000|  0%| F|  |TAMS 0x000000008e300000, 0x000000008e300000| Untracked 
| 228|0x000000008e400000, 0x000000008e400000, 0x000000008e500000|  0%| F|  |TAMS 0x000000008e400000, 0x000000008e400000| Untracked 
| 229|0x000000008e500000, 0x000000008e500000, 0x000000008e600000|  0%| F|  |TAMS 0x000000008e500000, 0x000000008e500000| Untracked 
| 230|0x000000008e600000, 0x000000008e600000, 0x000000008e700000|  0%| F|  |TAMS 0x000000008e600000, 0x000000008e600000| Untracked 
| 231|0x000000008e700000, 0x000000008e700000, 0x000000008e800000|  0%| F|  |TAMS 0x000000008e700000, 0x000000008e700000| Untracked 
| 232|0x000000008e800000, 0x000000008e800000, 0x000000008e900000|  0%| F|  |TAMS 0x000000008e800000, 0x000000008e800000| Untracked 
| 233|0x000000008e900000, 0x000000008e900000, 0x000000008ea00000|  0%| F|  |TAMS 0x000000008e900000, 0x000000008e900000| Untracked 
| 234|0x000000008ea00000, 0x000000008ea00000, 0x000000008eb00000|  0%| F|  |TAMS 0x000000008ea00000, 0x000000008ea00000| Untracked 
| 235|0x000000008eb00000, 0x000000008eb00000, 0x000000008ec00000|  0%| F|  |TAMS 0x000000008eb00000, 0x000000008eb00000| Untracked 
| 236|0x000000008ec00000, 0x000000008ec00000, 0x000000008ed00000|  0%| F|  |TAMS 0x000000008ec00000, 0x000000008ec00000| Untracked 
| 237|0x000000008ed00000, 0x000000008ed00000, 0x000000008ee00000|  0%| F|  |TAMS 0x000000008ed00000, 0x000000008ed00000| Untracked 
| 238|0x000000008ee00000, 0x000000008ee00000, 0x000000008ef00000|  0%| F|  |TAMS 0x000000008ee00000, 0x000000008ee00000| Untracked 
| 239|0x000000008ef00000, 0x000000008ef00000, 0x000000008f000000|  0%| F|  |TAMS 0x000000008ef00000, 0x000000008ef00000| Untracked 
| 240|0x000000008f000000, 0x000000008f000000, 0x000000008f100000|  0%| F|  |TAMS 0x000000008f000000, 0x000000008f000000| Untracked 
| 241|0x000000008f100000, 0x000000008f100000, 0x000000008f200000|  0%| F|  |TAMS 0x000000008f100000, 0x000000008f100000| Untracked 
| 242|0x000000008f200000, 0x000000008f200000, 0x000000008f300000|  0%| F|  |TAMS 0x000000008f200000, 0x000000008f200000| Untracked 
| 243|0x000000008f300000, 0x000000008f300000, 0x000000008f400000|  0%| F|  |TAMS 0x000000008f300000, 0x000000008f300000| Untracked 
| 244|0x000000008f400000, 0x000000008f400000, 0x000000008f500000|  0%| F|  |TAMS 0x000000008f400000, 0x000000008f400000| Untracked 
| 245|0x000000008f500000, 0x000000008f500000, 0x000000008f600000|  0%| F|  |TAMS 0x000000008f500000, 0x000000008f500000| Untracked 
| 246|0x000000008f600000, 0x000000008f600000, 0x000000008f700000|  0%| F|  |TAMS 0x000000008f600000, 0x000000008f600000| Untracked 
| 247|0x000000008f700000, 0x000000008f700000, 0x000000008f800000|  0%| F|  |TAMS 0x000000008f700000, 0x000000008f700000| Untracked 
| 248|0x000000008f800000, 0x000000008f800000, 0x000000008f900000|  0%| F|  |TAMS 0x000000008f800000, 0x000000008f800000| Untracked 
| 249|0x000000008f900000, 0x000000008f900000, 0x000000008fa00000|  0%| F|  |TAMS 0x000000008f900000, 0x000000008f900000| Untracked 
| 250|0x000000008fa00000, 0x000000008fa00000, 0x000000008fb00000|  0%| F|  |TAMS 0x000000008fa00000, 0x000000008fa00000| Untracked 
| 251|0x000000008fb00000, 0x000000008fb00000, 0x000000008fc00000|  0%| F|  |TAMS 0x000000008fb00000, 0x000000008fb00000| Untracked 
| 252|0x000000008fc00000, 0x000000008fc00000, 0x000000008fd00000|  0%| F|  |TAMS 0x000000008fc00000, 0x000000008fc00000| Untracked 
| 253|0x000000008fd00000, 0x000000008fd00000, 0x000000008fe00000|  0%| F|  |TAMS 0x000000008fd00000, 0x000000008fd00000| Untracked 
| 254|0x000000008fe00000, 0x000000008fe00000, 0x000000008ff00000|  0%| F|  |TAMS 0x000000008fe00000, 0x000000008fe00000| Untracked 
| 255|0x000000008ff00000, 0x000000008ff00000, 0x0000000090000000|  0%| F|  |TAMS 0x000000008ff00000, 0x000000008ff00000| Untracked 
| 256|0x0000000090000000, 0x0000000090000000, 0x0000000090100000|  0%| F|  |TAMS 0x0000000090000000, 0x0000000090000000| Untracked 
| 257|0x0000000090100000, 0x0000000090100000, 0x0000000090200000|  0%| F|  |TAMS 0x0000000090100000, 0x0000000090100000| Untracked 
| 258|0x0000000090200000, 0x0000000090200000, 0x0000000090300000|  0%| F|  |TAMS 0x0000000090200000, 0x0000000090200000| Untracked 
| 259|0x0000000090300000, 0x0000000090300000, 0x0000000090400000|  0%| F|  |TAMS 0x0000000090300000, 0x0000000090300000| Untracked 
| 260|0x0000000090400000, 0x0000000090400000, 0x0000000090500000|  0%| F|  |TAMS 0x0000000090400000, 0x0000000090400000| Untracked 
| 261|0x0000000090500000, 0x0000000090500000, 0x0000000090600000|  0%| F|  |TAMS 0x0000000090500000, 0x0000000090500000| Untracked 
| 262|0x0000000090600000, 0x0000000090600000, 0x0000000090700000|  0%| F|  |TAMS 0x0000000090600000, 0x0000000090600000| Untracked 
| 263|0x0000000090700000, 0x0000000090700000, 0x0000000090800000|  0%| F|  |TAMS 0x0000000090700000, 0x0000000090700000| Untracked 
| 264|0x0000000090800000, 0x0000000090800000, 0x0000000090900000|  0%| F|  |TAMS 0x0000000090800000, 0x0000000090800000| Untracked 
| 265|0x0000000090900000, 0x0000000090900000, 0x0000000090a00000|  0%| F|  |TAMS 0x0000000090900000, 0x0000000090900000| Untracked 
| 266|0x0000000090a00000, 0x0000000090a00000, 0x0000000090b00000|  0%| F|  |TAMS 0x0000000090a00000, 0x0000000090a00000| Untracked 
| 267|0x0000000090b00000, 0x0000000090b00000, 0x0000000090c00000|  0%| F|  |TAMS 0x0000000090b00000, 0x0000000090b00000| Untracked 
| 268|0x0000000090c00000, 0x0000000090c00000, 0x0000000090d00000|  0%| F|  |TAMS 0x0000000090c00000, 0x0000000090c00000| Untracked 
| 269|0x0000000090d00000, 0x0000000090d00000, 0x0000000090e00000|  0%| F|  |TAMS 0x0000000090d00000, 0x0000000090d00000| Untracked 
| 270|0x0000000090e00000, 0x0000000090e00000, 0x0000000090f00000|  0%| F|  |TAMS 0x0000000090e00000, 0x0000000090e00000| Untracked 
| 271|0x0000000090f00000, 0x0000000090f00000, 0x0000000091000000|  0%| F|  |TAMS 0x0000000090f00000, 0x0000000090f00000| Untracked 
| 272|0x0000000091000000, 0x0000000091000000, 0x0000000091100000|  0%| F|  |TAMS 0x0000000091000000, 0x0000000091000000| Untracked 
| 509|0x000000009fd00000, 0x000000009fd00000, 0x000000009fe00000|  0%| F|  |TAMS 0x000000009fd00000, 0x000000009fd00000| Untracked 

Card table byte_map: [0x00000201e5a00000,0x00000201e5e00000] _byte_map_base: 0x00000201e5600000

Marking Bits (Prev, Next): (CMBitMap*) 0x00000201cdfd4380, (CMBitMap*) 0x00000201cdfd43c0
 Prev Bits: [0x00000201e6200000, 0x00000201e8200000)
 Next Bits: [0x00000201e8200000, 0x00000201ea200000)

Polling page: 0x00000201cd740000

Metaspace:

Usage:
  Non-class:     94.10 MB used.
      Class:     14.65 MB used.
       Both:    108.74 MB used.

Virtual space:
  Non-class space:      128.00 MB reserved,      94.50 MB ( 74%) committed,  2 nodes.
      Class space:        1.00 GB reserved,      15.06 MB (  1%) committed,  1 nodes.
             Both:        1.12 GB reserved,     109.56 MB ( 10%) committed. 

Chunk freelists:
   Non-Class:  1.19 MB
       Class:  967.00 KB
        Both:  2.13 MB

MaxMetaspaceSize: unlimited
CompressedClassSpaceSize: 1.00 GB
Initial GC threshold: 21.00 MB
Current GC threshold: 166.56 MB
CDS: on
MetaspaceReclaimPolicy: balanced
 - commit_granule_bytes: 65536.
 - commit_granule_words: 8192.
 - virtual_space_node_default_size: 8388608.
 - enlarge_chunks_in_place: 1.
 - new_chunks_are_fully_committed: 0.
 - uncommit_free_chunks: 1.
 - use_allocation_guard: 0.
 - handle_deallocations: 1.


Internal statistics:

num_allocs_failed_limit: 9.
num_arena_births: 1208.
num_arena_deaths: 0.
num_vsnodes_births: 3.
num_vsnodes_deaths: 0.
num_space_committed: 1752.
num_space_uncommitted: 0.
num_chunks_returned_to_freelist: 9.
num_chunks_taken_from_freelist: 6015.
num_chunk_merges: 9.
num_chunk_splits: 3949.
num_chunks_enlarged: 2578.
num_inconsistent_stats: 0.

CodeHeap 'non-profiled nmethods': size=119168Kb used=7427Kb max_used=7730Kb free=111740Kb
 bounds [0x00000201dd3d0000, 0x00000201ddb60000, 0x00000201e4830000]
CodeHeap 'profiled nmethods': size=119104Kb used=23699Kb max_used=24575Kb free=95405Kb
 bounds [0x00000201d5830000, 0x00000201d7030000, 0x00000201dcc80000]
CodeHeap 'non-nmethods': size=7488Kb used=4157Kb max_used=4234Kb free=3330Kb
 bounds [0x00000201dcc80000, 0x00000201dd0b0000, 0x00000201dd3d0000]
 total_blobs=13031 nmethods=12027 adapters=913
 compilation: enabled
              stopped_count=0, restarted_count=0
 full_count=0

Compilation events (20 events):
Event: 8.071 Thread 0x00000201eda6bec0 nmethod 14187 0x00000201d5b9b690 code [0x00000201d5b9b9a0, 0x00000201d5b9c928]
Event: 8.071 Thread 0x00000201ed3e57b0 nmethod 14191 0x00000201d64e9610 code [0x00000201d64e9800, 0x00000201d64e9d38]
Event: 8.071 Thread 0x00000201eda6bec0 14192       3       org.gradle.internal.snapshot.impl.IsolatedEnumValueSnapshot::isolate (5 bytes)
Event: 8.071 Thread 0x00000201eda6bec0 nmethod 14192 0x00000201d632b190 code [0x00000201d632b320, 0x00000201d632b458]
Event: 8.071 Thread 0x00000201eda6bec0 14193       3       com.android.build.gradle.internal.ide.dependencies.ArtifactUtils::resolveArtifacts$lambda$2 (12 bytes)
Event: 8.071 Thread 0x00000201ed3e57b0 14194       3       com.google.common.collect.ImmutableListMultimap::get (6 bytes)
Event: 8.071 Thread 0x00000201eda6c3e0 14195       3       com.google.common.collect.ImmutableListMultimap::get (24 bytes)
Event: 8.072 Thread 0x00000201eda6bec0 nmethod 14193 0x00000201d6cf1790 code [0x00000201d6cf1940, 0x00000201d6cf1be8]
Event: 8.072 Thread 0x00000201eda6c3e0 nmethod 14195 0x00000201d64e9010 code [0x00000201d64e91c0, 0x00000201d64e9528]
Event: 8.072 Thread 0x00000201eda6bec0 14196       3       com.android.build.gradle.internal.ide.dependencies.ResolvedArtifact::equals (158 bytes)
Event: 8.072 Thread 0x00000201ed3e57b0 nmethod 14194 0x00000201d666b310 code [0x00000201d666b4e0, 0x00000201d666b948]
Event: 8.072 Thread 0x00000201f688d010 nmethod 14189 0x00000201ddb49010 code [0x00000201ddb491a0, 0x00000201ddb49278]
Event: 8.072 Thread 0x00000201f688d010 14190       4       org.gradle.api.internal.attributes.DefaultImmutableAttributesFactory::concat (126 bytes)
Event: 8.072 Thread 0x00000201ed3e57b0 14197       3       kotlin.collections.CollectionsKt___CollectionsKt::toMutableList (39 bytes)
Event: 8.072 Thread 0x00000201eda6c3e0 14198       3       kotlin.collections.CollectionsKt___CollectionsKt::toMutableList (18 bytes)
Event: 8.072 Thread 0x00000201eda6c3e0 nmethod 14198 0x00000201d666a790 code [0x00000201d666a9a0, 0x00000201d666afc8]
Event: 8.073 Thread 0x00000201f688dab0 nmethod 14155 0x00000201ddb48790 code [0x00000201ddb48920, 0x00000201ddb48eb8]
Event: 8.073 Thread 0x00000201ed3e57b0 nmethod 14197 0x00000201d6a3f510 code [0x00000201d6a3f820, 0x00000201d6a40998]
Event: 8.073 Thread 0x00000201f688dab0 14172   !   4       org.gradle.internal.lazy.LockingLazy::get (62 bytes)
Event: 8.073 Thread 0x00000201eda6bec0 nmethod 14196 0x00000201d591ce90 code [0x00000201d591d220, 0x00000201d591ee58]

GC Heap History (20 events):
Event: 5.374 GC heap after
{Heap after GC invocations=15 (full 0):
 garbage-first heap   total 280576K, used 116007K [0x0000000080000000, 0x0000000100000000)
  region size 1024K, 11 young (11264K), 11 survivors (11264K)
 Metaspace       used 76113K, committed 76864K, reserved 1179648K
  class space    used 10337K, committed 10688K, reserved 1048576K
}
Event: 5.937 GC heap before
{Heap before GC invocations=15 (full 0):
 garbage-first heap   total 280576K, used 222503K [0x0000000080000000, 0x0000000100000000)
  region size 1024K, 115 young (117760K), 11 survivors (11264K)
 Metaspace       used 83040K, committed 83776K, reserved 1179648K
  class space    used 11480K, committed 11840K, reserved 1048576K
}
Event: 5.940 GC heap after
{Heap after GC invocations=16 (full 0):
 garbage-first heap   total 280576K, used 119952K [0x0000000080000000, 0x0000000100000000)
  region size 1024K, 11 young (11264K), 11 survivors (11264K)
 Metaspace       used 83040K, committed 83776K, reserved 1179648K
  class space    used 11480K, committed 11840K, reserved 1048576K
}
Event: 6.530 GC heap before
{Heap before GC invocations=17 (full 0):
 garbage-first heap   total 280576K, used 246928K [0x0000000080000000, 0x0000000100000000)
  region size 1024K, 116 young (118784K), 11 survivors (11264K)
 Metaspace       used 91412K, committed 92288K, reserved 1179648K
  class space    used 12595K, committed 12992K, reserved 1048576K
}
Event: 6.534 GC heap after
{Heap after GC invocations=18 (full 0):
 garbage-first heap   total 280576K, used 146828K [0x0000000080000000, 0x0000000100000000)
  region size 1024K, 15 young (15360K), 15 survivors (15360K)
 Metaspace       used 91412K, committed 92288K, reserved 1179648K
  class space    used 12595K, committed 12992K, reserved 1048576K
}
Event: 6.543 GC heap before
{Heap before GC invocations=18 (full 0):
 garbage-first heap   total 280576K, used 147852K [0x0000000080000000, 0x0000000100000000)
  region size 1024K, 16 young (16384K), 15 survivors (15360K)
 Metaspace       used 91465K, committed 92288K, reserved 1179648K
  class space    used 12603K, committed 12992K, reserved 1048576K
}
Event: 6.546 GC heap after
{Heap after GC invocations=19 (full 0):
 garbage-first heap   total 280576K, used 146667K [0x0000000080000000, 0x0000000100000000)
  region size 1024K, 2 young (2048K), 2 survivors (2048K)
 Metaspace       used 91465K, committed 92288K, reserved 1179648K
  class space    used 12603K, committed 12992K, reserved 1048576K
}
Event: 6.696 GC heap before
{Heap before GC invocations=19 (full 0):
 garbage-first heap   total 280576K, used 178411K [0x0000000080000000, 0x0000000100000000)
  region size 1024K, 34 young (34816K), 2 survivors (2048K)
 Metaspace       used 93311K, committed 94080K, reserved 1179648K
  class space    used 12874K, committed 13248K, reserved 1048576K
}
Event: 6.698 GC heap after
{Heap after GC invocations=20 (full 0):
 garbage-first heap   total 280576K, used 146906K [0x0000000080000000, 0x0000000100000000)
  region size 1024K, 2 young (2048K), 2 survivors (2048K)
 Metaspace       used 93311K, committed 94080K, reserved 1179648K
  class space    used 12874K, committed 13248K, reserved 1048576K
}
Event: 7.135 GC heap before
{Heap before GC invocations=21 (full 0):
 garbage-first heap   total 280576K, used 230874K [0x0000000080000000, 0x0000000100000000)
  region size 1024K, 84 young (86016K), 2 survivors (2048K)
 Metaspace       used 98872K, committed 99712K, reserved 1179648K
  class space    used 13557K, committed 14016K, reserved 1048576K
}
Event: 7.137 GC heap after
{Heap after GC invocations=22 (full 0):
 garbage-first heap   total 280576K, used 153114K [0x0000000080000000, 0x0000000100000000)
  region size 1024K, 7 young (7168K), 7 survivors (7168K)
 Metaspace       used 98872K, committed 99712K, reserved 1179648K
  class space    used 13557K, committed 14016K, reserved 1048576K
}
Event: 7.174 GC heap before
{Heap before GC invocations=22 (full 0):
 garbage-first heap   total 280576K, used 158234K [0x0000000080000000, 0x0000000100000000)
  region size 1024K, 13 young (13312K), 7 survivors (7168K)
 Metaspace       used 99842K, committed 100736K, reserved 1179648K
  class space    used 13685K, committed 14144K, reserved 1048576K
}
Event: 7.176 GC heap after
{Heap after GC invocations=23 (full 0):
 garbage-first heap   total 280576K, used 153354K [0x0000000080000000, 0x0000000100000000)
  region size 1024K, 2 young (2048K), 2 survivors (2048K)
 Metaspace       used 99842K, committed 100736K, reserved 1179648K
  class space    used 13685K, committed 14144K, reserved 1048576K
}
Event: 7.234 GC heap before
{Heap before GC invocations=23 (full 0):
 garbage-first heap   total 280576K, used 161546K [0x0000000080000000, 0x0000000100000000)
  region size 1024K, 12 young (12288K), 2 survivors (2048K)
 Metaspace       used 100719K, committed 101632K, reserved 1179648K
  class space    used 13780K, committed 14208K, reserved 1048576K
}
Event: 7.235 GC heap after
{Heap after GC invocations=24 (full 0):
 garbage-first heap   total 280576K, used 153742K [0x0000000080000000, 0x0000000100000000)
  region size 1024K, 2 young (2048K), 2 survivors (2048K)
 Metaspace       used 100719K, committed 101632K, reserved 1179648K
  class space    used 13780K, committed 14208K, reserved 1048576K
}
Event: 7.686 GC heap before
{Heap before GC invocations=25 (full 0):
 garbage-first heap   total 280576K, used 231566K [0x0000000080000000, 0x0000000100000000)
  region size 1024K, 76 young (77824K), 2 survivors (2048K)
 Metaspace       used 109346K, committed 110272K, reserved 1179648K
  class space    used 14824K, committed 15296K, reserved 1048576K
}
Event: 7.689 GC heap after
{Heap after GC invocations=26 (full 0):
 garbage-first heap   total 280576K, used 156043K [0x0000000080000000, 0x0000000100000000)
  region size 1024K, 4 young (4096K), 4 survivors (4096K)
 Metaspace       used 109346K, committed 110272K, reserved 1179648K
  class space    used 14824K, committed 15296K, reserved 1048576K
}
Event: 7.736 GC heap before
{Heap before GC invocations=26 (full 0):
 garbage-first heap   total 280576K, used 165259K [0x0000000080000000, 0x0000000100000000)
  region size 1024K, 13 young (13312K), 4 survivors (4096K)
 Metaspace       used 110072K, committed 110976K, reserved 1179648K
  class space    used 14905K, committed 15360K, reserved 1048576K
}
Event: 7.739 GC heap after
{Heap after GC invocations=27 (full 0):
 garbage-first heap   total 280576K, used 157213K [0x0000000080000000, 0x0000000100000000)
  region size 1024K, 2 young (2048K), 2 survivors (2048K)
 Metaspace       used 110072K, committed 110976K, reserved 1179648K
  class space    used 14905K, committed 15360K, reserved 1048576K
}
Event: 8.076 GC heap before
{Heap before GC invocations=27 (full 0):
 garbage-first heap   total 280576K, used 230941K [0x0000000080000000, 0x0000000100000000)
  region size 1024K, 75 young (76800K), 2 survivors (2048K)
 Metaspace       used 111352K, committed 112192K, reserved 1179648K
  class space    used 14997K, committed 15424K, reserved 1048576K
}

Deoptimization events (20 events):
Event: 7.875 Thread 0x00000201fbf82830 DEOPT UNPACKING pc=0x00000201dccd23a3 sp=0x0000004e42dfd228 mode 2
Event: 7.875 Thread 0x00000201f812c4a0 DEOPT UNPACKING pc=0x00000201dccd23a3 sp=0x0000004e426fd278 mode 2
Event: 7.971 Thread 0x00000201f2f669d0 Uncommon trap: trap_request=0xffffff45 fr.pc=0x00000201dd75a0ec relative=0x00000000000001cc
Event: 7.971 Thread 0x00000201f2f669d0 Uncommon trap: reason=unstable_if action=reinterpret pc=0x00000201dd75a0ec method=com.google.common.collect.RegularImmutableMap.get(Ljava/lang/Object;[Lcom/google/common/collect/ImmutableMapEntry;I)Ljava/lang/Object; @ 1 c2
Event: 7.971 Thread 0x00000201f2f669d0 DEOPT PACKING pc=0x00000201dd75a0ec sp=0x0000004e39af89d0
Event: 7.971 Thread 0x00000201f2f669d0 DEOPT UNPACKING pc=0x00000201dccd23a3 sp=0x0000004e39af88d8 mode 2
Event: 7.977 Thread 0x00000201f2f669d0 Uncommon trap: trap_request=0xffffff45 fr.pc=0x00000201dd759ba0 relative=0x0000000000000180
Event: 7.977 Thread 0x00000201f2f669d0 Uncommon trap: reason=unstable_if action=reinterpret pc=0x00000201dd759ba0 method=com.google.common.collect.RegularImmutableMap.get(Ljava/lang/Object;[Lcom/google/common/collect/ImmutableMapEntry;I)Ljava/lang/Object; @ 1 c2
Event: 7.977 Thread 0x00000201f2f669d0 DEOPT PACKING pc=0x00000201dd759ba0 sp=0x0000004e39af8930
Event: 7.977 Thread 0x00000201f2f669d0 DEOPT UNPACKING pc=0x00000201dccd23a3 sp=0x0000004e39af88c8 mode 2
Event: 8.014 Thread 0x00000201f2f669d0 DEOPT PACKING pc=0x00000201d6230dd9 sp=0x0000004e39af67a0
Event: 8.014 Thread 0x00000201f2f669d0 DEOPT UNPACKING pc=0x00000201dccd2b43 sp=0x0000004e39af5c98 mode 0
Event: 8.022 Thread 0x00000201f2f669d0 Uncommon trap: trap_request=0xffffff45 fr.pc=0x00000201ddb33e1c relative=0x000000000000007c
Event: 8.022 Thread 0x00000201f2f669d0 Uncommon trap: reason=unstable_if action=reinterpret pc=0x00000201ddb33e1c method=java.lang.Long.equals(Ljava/lang/Object;)Z @ 19 c2
Event: 8.022 Thread 0x00000201f2f669d0 DEOPT PACKING pc=0x00000201ddb33e1c sp=0x0000004e39af75b0
Event: 8.022 Thread 0x00000201f2f669d0 DEOPT UNPACKING pc=0x00000201dccd23a3 sp=0x0000004e39af7540 mode 2
Event: 8.032 Thread 0x00000201f2f669d0 Uncommon trap: trap_request=0xffffff45 fr.pc=0x00000201dd59568c relative=0x000000000000024c
Event: 8.032 Thread 0x00000201f2f669d0 Uncommon trap: reason=unstable_if action=reinterpret pc=0x00000201dd59568c method=com.esotericsoftware.kryo.io.Input.readVarInt(Z)I @ 42 c2
Event: 8.032 Thread 0x00000201f2f669d0 DEOPT PACKING pc=0x00000201dd59568c sp=0x0000004e39af8960
Event: 8.032 Thread 0x00000201f2f669d0 DEOPT UNPACKING pc=0x00000201dccd23a3 sp=0x0000004e39af8908 mode 2

Classes unloaded (0 events):
No events

Classes redefined (0 events):
No events

Internal exceptions (20 events):
Event: 7.190 Thread 0x00000201f67e5f20 Exception <a 'java/lang/NoSuchMethodError'{0x0000000090f43ae8}: static Lorg/jetbrains/kotlin/idea/gradleTooling/model/samWithReceiver/SamWithReceiverModelImpl;.<clinit>()V> (0x0000000090f43ae8) 
thrown [s\open\src\hotspot\share\prims\jni.cpp, line 1112]
Event: 7.191 Thread 0x00000201f67e5f20 Exception <a 'java/lang/NoSuchMethodError'{0x0000000090f4c680}: static Lorg/jetbrains/kotlin/idea/gradleTooling/model/noarg/NoArgModelImpl;.<clinit>()V> (0x0000000090f4c680) 
thrown [s\open\src\hotspot\share\prims\jni.cpp, line 1112]
Event: 7.192 Thread 0x00000201f67e5f20 Exception <a 'java/lang/NoSuchMethodError'{0x0000000090fd6488}: static Lorg/jetbrains/kotlin/idea/gradleTooling/model/allopen/AllOpenModelImpl;.<clinit>()V> (0x0000000090fd6488) 
thrown [s\open\src\hotspot\share\prims\jni.cpp, line 1112]
Event: 7.202 Thread 0x00000201f67e5f20 Exception <a 'java/lang/NoSuchMethodError'{0x0000000090d078d0}: static Lorg/jetbrains/plugins/gradle/tooling/internal/VersionCatalogsModelImpl;.<clinit>()V> (0x0000000090d078d0) 
thrown [s\open\src\hotspot\share\prims\jni.cpp, line 1112]
Event: 7.219 Thread 0x00000201f67e5f20 Exception <a 'java/lang/NoSuchMethodError'{0x0000000090d38420}: static Lorg/jetbrains/plugins/gradle/tooling/serialization/internal/adapter/kotlin/dsl/InternalKotlinDslScriptsModel;.<clinit>()V> (0x0000000090d38420) 
thrown [s\open\src\hotspot\share\prims\jni.cpp, line 1112]
Event: 7.290 Thread 0x00000201f2f669d0 Exception <a 'java/lang/NoSuchMethodError'{0x0000000090a7ff08}: 'java.lang.Object java.lang.invoke.DirectMethodHandle$Holder.invokeStatic(java.lang.Object, int, java.lang.Object)'> (0x0000000090a7ff08) 
thrown [s\open\src\hotspot\share\interpreter\linkResolver.cpp, line 759]
Event: 7.363 Thread 0x00000201f2f669d0 Exception <a 'sun/nio/fs/WindowsException'{0x000000008ff9b6c0}> (0x000000008ff9b6c0) 
thrown [s\open\src\hotspot\share\prims\jni.cpp, line 516]
Event: 7.381 Thread 0x00000201f2f669d0 Exception <a 'sun/nio/fs/WindowsException'{0x000000008fcfd5e8}> (0x000000008fcfd5e8) 
thrown [s\open\src\hotspot\share\prims\jni.cpp, line 516]
Event: 7.381 Thread 0x00000201f2f669d0 Exception <a 'sun/nio/fs/WindowsException'{0x000000008fcfec18}> (0x000000008fcfec18) 
thrown [s\open\src\hotspot\share\prims\jni.cpp, line 516]
Event: 7.381 Thread 0x00000201f2f669d0 Exception <a 'sun/nio/fs/WindowsException'{0x000000008fb00528}> (0x000000008fb00528) 
thrown [s\open\src\hotspot\share\prims\jni.cpp, line 516]
Event: 7.381 Thread 0x00000201f2f669d0 Exception <a 'sun/nio/fs/WindowsException'{0x000000008fb01df8}> (0x000000008fb01df8) 
thrown [s\open\src\hotspot\share\prims\jni.cpp, line 516]
Event: 7.443 Thread 0x00000201f2f669d0 Exception <a 'java/lang/NullPointerException'{0x000000008ef33498}> (0x000000008ef33498) 
thrown [s\open\src\hotspot\share\interpreter\linkResolver.cpp, line 1433]
Event: 7.482 Thread 0x00000201f2f669d0 Implicit null exception at 0x00000201dd5666d1 to 0x00000201dd567b94
Event: 7.597 Thread 0x00000201f2f669d0 Implicit null exception at 0x00000201dda35183 to 0x00000201dda35834
Event: 7.605 Thread 0x00000201f2f669d0 Exception <a 'java/lang/NoSuchMethodError'{0x000000008d3ec328}: 'void java.lang.invoke.DirectMethodHandle$Holder.invokeSpecial(java.lang.Object, java.lang.Object, java.lang.Object, java.lang.Object, int, java.lang.Object, java.lang.Object)'> (0x000000008d3ec328) 
thrown [s\open\src\hotspot\share\interpreter\linkResolver.cpp, line 759]
Event: 7.689 Thread 0x00000201ed3c4870 Implicit null exception at 0x00000201dd8cc1fd to 0x00000201dd8cc810
Event: 7.861 Thread 0x00000201fbf7faa0 Exception <a 'java/lang/NoSuchMethodError'{0x000000008fc27a70}: 'void java.lang.invoke.DirectMethodHandle$Holder.invokeVirtual(java.lang.Object, java.lang.Object)'> (0x000000008fc27a70) 
thrown [s\open\src\hotspot\share\interpreter\linkResolver.cpp, line 759]
Event: 7.861 Thread 0x00000201f2f669d0 Exception <a 'java/lang/NoSuchMethodError'{0x00000000901b0348}: 'void java.lang.invoke.DirectMethodHandle$Holder.invokeVirtual(java.lang.Object, java.lang.Object)'> (0x00000000901b0348) 
thrown [s\open\src\hotspot\share\interpreter\linkResolver.cpp, line 759]
Event: 7.971 Thread 0x00000201f2f669d0 Implicit null exception at 0x00000201dd759f57 to 0x00000201dd75a0d4
Event: 7.977 Thread 0x00000201f2f669d0 Implicit null exception at 0x00000201dd759a3b to 0x00000201dd759b90

VM Operations (20 events):
Event: 7.814 Executing VM operation: ICBufferFull done
Event: 7.838 Executing VM operation: HandshakeAllThreads
Event: 7.838 Executing VM operation: HandshakeAllThreads done
Event: 7.845 Executing VM operation: ICBufferFull
Event: 7.845 Executing VM operation: ICBufferFull done
Event: 7.859 Executing VM operation: HandshakeAllThreads
Event: 7.859 Executing VM operation: HandshakeAllThreads done
Event: 7.896 Executing VM operation: HandshakeAllThreads
Event: 7.896 Executing VM operation: HandshakeAllThreads done
Event: 7.906 Executing VM operation: ICBufferFull
Event: 7.906 Executing VM operation: ICBufferFull done
Event: 7.914 Executing VM operation: HandshakeAllThreads
Event: 7.914 Executing VM operation: HandshakeAllThreads done
Event: 7.934 Executing VM operation: HandshakeAllThreads
Event: 7.934 Executing VM operation: HandshakeAllThreads done
Event: 7.957 Executing VM operation: ICBufferFull
Event: 7.958 Executing VM operation: ICBufferFull done
Event: 8.025 Executing VM operation: ICBufferFull
Event: 8.025 Executing VM operation: ICBufferFull done
Event: 8.076 Executing VM operation: G1CollectForAllocation

Events (20 events):
Event: 7.966 Thread 0x00000201fcbcada0 Thread added: 0x00000201fcbcada0
Event: 7.967 Thread 0x00000201fcbcdb30 Thread added: 0x00000201fcbcdb30
Event: 7.967 Thread 0x00000201fcbcd110 Thread added: 0x00000201fcbcd110
Event: 7.967 Thread 0x00000201fcbccc00 Thread added: 0x00000201fcbccc00
Event: 8.035 Thread 0x00000201fcbce040 Thread added: 0x00000201fcbce040
Event: 8.036 Thread 0x00000201fcbcc6f0 Thread added: 0x00000201fcbcc6f0
Event: 8.040 Thread 0x00000201fcbcd620 Thread added: 0x00000201fcbcd620
Event: 8.040 Thread 0x00000201fcbca890 Thread added: 0x00000201fcbca890
Event: 8.041 Thread 0x00000201fcbcb2b0 Thread added: 0x00000201fcbcb2b0
Event: 8.042 Thread 0x00000201fcbcb7c0 Thread added: 0x00000201fcbcb7c0
Event: 8.042 Thread 0x00000201fcbcbcd0 Thread added: 0x00000201fcbcbcd0
Event: 8.043 Thread 0x00000201fcbcc1e0 Thread added: 0x00000201fcbcc1e0
Event: 8.047 Thread 0x00000201f73c22f0 Thread added: 0x00000201f73c22f0
Event: 8.048 Thread 0x00000201f73c1de0 Thread added: 0x00000201f73c1de0
Event: 8.048 Thread 0x00000201f73c2800 Thread added: 0x00000201f73c2800
Event: 8.050 Thread 0x00000201f73c2d10 Thread added: 0x00000201f73c2d10
Event: 8.050 Thread 0x00000201f73bfa70 Thread added: 0x00000201f73bfa70
Event: 8.051 Thread 0x00000201f73c3220 Thread added: 0x00000201f73c3220
Event: 8.052 Thread 0x00000201f73c0490 Thread added: 0x00000201f73c0490
Event: 8.053 Thread 0x00000201f73bff80 Thread added: 0x00000201f73bff80


Dynamic libraries:
0x00007ff6b8340000 - 0x00007ff6b8350000 	C:\Server\Java\Jdk17.0.12\bin\java.exe
0x00007ffaccda0000 - 0x00007ffacd003000 	C:\Windows\SYSTEM32\ntdll.dll
0x00007ffacbf80000 - 0x00007ffacc048000 	C:\Windows\System32\KERNEL32.DLL
0x00007ffaca7b0000 - 0x00007ffacab62000 	C:\Windows\System32\KERNELBASE.dll
0x00007ffaca2a0000 - 0x00007ffaca3eb000 	C:\Windows\System32\ucrtbase.dll
0x00007ffaa49e0000 - 0x00007ffaa49f9000 	C:\Server\Java\Jdk17.0.12\bin\jli.dll
0x00007ffaa3040000 - 0x00007ffaa305b000 	C:\Server\Java\Jdk17.0.12\bin\VCRUNTIME140.dll
0x00007ffacb990000 - 0x00007ffacba44000 	C:\Windows\System32\ADVAPI32.dll
0x00007ffacc370000 - 0x00007ffacc419000 	C:\Windows\System32\msvcrt.dll
0x00007ffacbd10000 - 0x00007ffacbdb6000 	C:\Windows\System32\sechost.dll
0x00007ffacbbf0000 - 0x00007ffacbd06000 	C:\Windows\System32\RPCRT4.dll
0x00007ffaccb90000 - 0x00007ffaccd58000 	C:\Windows\System32\USER32.dll
0x00007ffaca490000 - 0x00007ffaca4b7000 	C:\Windows\System32\win32u.dll
0x00007ffaccab0000 - 0x00007ffaccada000 	C:\Windows\System32\GDI32.dll
0x00007ffaca170000 - 0x00007ffaca29b000 	C:\Windows\System32\gdi32full.dll
0x00007ffab0960000 - 0x00007ffab0bf0000 	C:\Windows\WinSxS\amd64_microsoft.windows.common-controls_6595b64144ccf1df_6.0.26100.2454_none_3e0b68a2e331ad60\COMCTL32.dll
0x00007ffaca640000 - 0x00007ffaca6e3000 	C:\Windows\System32\msvcp_win.dll
0x00007ffac0c70000 - 0x00007ffac0c7b000 	C:\Windows\SYSTEM32\VERSION.dll
0x00007ffacc050000 - 0x00007ffacc07f000 	C:\Windows\System32\IMM32.DLL
0x00007ffac0610000 - 0x00007ffac061c000 	C:\Server\Java\Jdk17.0.12\bin\vcruntime140_1.dll
0x00007ffa89390000 - 0x00007ffa8941e000 	C:\Server\Java\Jdk17.0.12\bin\msvcp140.dll
0x00007ffa00190000 - 0x00007ffa00d70000 	C:\Server\Java\Jdk17.0.12\bin\server\jvm.dll
0x00007ffacc2d0000 - 0x00007ffacc2d8000 	C:\Windows\System32\PSAPI.DLL
0x00007ffabeb10000 - 0x00007ffabeb46000 	C:\Windows\SYSTEM32\WINMM.dll
0x00007ffac4640000 - 0x00007ffac464a000 	C:\Windows\SYSTEM32\WSOCK32.dll
0x00007ffacbf00000 - 0x00007ffacbf74000 	C:\Windows\System32\WS2_32.dll
0x00007ffac9020000 - 0x00007ffac903a000 	C:\Windows\SYSTEM32\kernel.appcore.dll
0x00007ffab8bd0000 - 0x00007ffab8bda000 	C:\Server\Java\Jdk17.0.12\bin\jimage.dll
0x00007ffac71a0000 - 0x00007ffac73e1000 	C:\Windows\SYSTEM32\DBGHELP.DLL
0x00007ffacc420000 - 0x00007ffacc79e000 	C:\Windows\System32\combase.dll
0x00007ffacc1f0000 - 0x00007ffacc2c6000 	C:\Windows\System32\OLEAUT32.dll
0x00007ffaafde0000 - 0x00007ffaafe19000 	C:\Windows\SYSTEM32\dbgcore.DLL
0x00007ffaca3f0000 - 0x00007ffaca489000 	C:\Windows\System32\bcryptPrimitives.dll
0x00007ffab78f0000 - 0x00007ffab78fe000 	C:\Server\Java\Jdk17.0.12\bin\instrument.dll
0x00007ffa9fef0000 - 0x00007ffa9ff15000 	C:\Server\Java\Jdk17.0.12\bin\java.dll
0x00007ffa836f0000 - 0x00007ffa837c7000 	C:\Server\Java\Jdk17.0.12\bin\jsvml.dll
0x00007ffacac90000 - 0x00007ffacb390000 	C:\Windows\System32\SHELL32.dll
0x00007ffac7ea0000 - 0x00007ffac86d1000 	C:\Windows\SYSTEM32\windows.storage.dll
0x00007ffacc7b0000 - 0x00007ffacc88a000 	C:\Windows\System32\SHCORE.dll
0x00007ffacb930000 - 0x00007ffacb98d000 	C:\Windows\System32\shlwapi.dll
0x00007ffaca080000 - 0x00007ffaca0ae000 	C:\Windows\SYSTEM32\profapi.dll
0x00007ffa9f490000 - 0x00007ffa9f4a8000 	C:\Server\Java\Jdk17.0.12\bin\zip.dll
0x00007ffa9f460000 - 0x00007ffa9f479000 	C:\Server\Java\Jdk17.0.12\bin\net.dll
0x00007ffac4bf0000 - 0x00007ffac4d16000 	C:\Windows\SYSTEM32\WINHTTP.dll
0x00007ffac95c0000 - 0x00007ffac9628000 	C:\Windows\system32\mswsock.dll
0x00007ffa9ca30000 - 0x00007ffa9ca46000 	C:\Server\Java\Jdk17.0.12\bin\nio.dll
0x00007ffab08c0000 - 0x00007ffab08d0000 	C:\Server\Java\Jdk17.0.12\bin\verify.dll
0x00007ffaad310000 - 0x00007ffaad337000 	D:\Android\.gradle\native\c067742578af261105cb4f569cf0c3c89f3d7b1fecec35dd04571415982c5e48\windows-amd64\native-platform.dll
0x00007ffa5d7d0000 - 0x00007ffa5d914000 	D:\Android\.gradle\native\38dada09dfb8b06ba9b0570ebf7e218e3eb74d4ef43ca46872605cf95ebc2f47\windows-amd64\native-platform-file-events.dll
0x00007ffaa9160000 - 0x00007ffaa916a000 	C:\Server\Java\Jdk17.0.12\bin\management.dll
0x00007ffaa71e0000 - 0x00007ffaa71eb000 	C:\Server\Java\Jdk17.0.12\bin\management_ext.dll
0x00007ffac9870000 - 0x00007ffac988c000 	C:\Windows\SYSTEM32\CRYPTSP.dll
0x00007ffac9040000 - 0x00007ffac9078000 	C:\Windows\system32\rsaenh.dll
0x00007ffac9660000 - 0x00007ffac968b000 	C:\Windows\SYSTEM32\USERENV.dll
0x00007ffac9aa0000 - 0x00007ffac9ac6000 	C:\Windows\SYSTEM32\bcrypt.dll
0x00007ffac9860000 - 0x00007ffac986c000 	C:\Windows\SYSTEM32\CRYPTBASE.dll
0x00007ffac8b30000 - 0x00007ffac8b62000 	C:\Windows\SYSTEM32\IPHLPAPI.DLL
0x00007ffacbdc0000 - 0x00007ffacbdca000 	C:\Windows\System32\NSI.dll
0x00007ffac4e90000 - 0x00007ffac4eae000 	C:\Windows\SYSTEM32\dhcpcsvc6.DLL
0x00007ffac4d70000 - 0x00007ffac4d95000 	C:\Windows\SYSTEM32\dhcpcsvc.DLL
0x00007ffac8c00000 - 0x00007ffac8d25000 	C:\Windows\SYSTEM32\DNSAPI.dll
0x00007ffaa4780000 - 0x00007ffaa478e000 	C:\Server\Java\Jdk17.0.12\bin\sunmscapi.dll
0x00007ffaca4c0000 - 0x00007ffaca636000 	C:\Windows\System32\CRYPT32.dll
0x00007ffac9a60000 - 0x00007ffac9a90000 	C:\Windows\SYSTEM32\ncrypt.dll
0x00007ffac9a10000 - 0x00007ffac9a4f000 	C:\Windows\SYSTEM32\NTASN1.dll
0x00007ffa87d70000 - 0x00007ffa87d78000 	C:\Windows\system32\wshunix.dll

dbghelp: loaded successfully - version: 4.0.5 - missing functions: none
symbol engine: initialized successfully - sym options: 0x614 - pdb path: .;C:\Server\Java\Jdk17.0.12\bin;C:\Windows\SYSTEM32;C:\Windows\WinSxS\amd64_microsoft.windows.common-controls_6595b64144ccf1df_6.0.26100.2454_none_3e0b68a2e331ad60;C:\Server\Java\Jdk17.0.12\bin\server;D:\Android\.gradle\native\c067742578af261105cb4f569cf0c3c89f3d7b1fecec35dd04571415982c5e48\windows-amd64;D:\Android\.gradle\native\38dada09dfb8b06ba9b0570ebf7e218e3eb74d4ef43ca46872605cf95ebc2f47\windows-amd64

VM Arguments:
jvm_args: --add-opens=java.base/java.util.concurrent.atomic=ALL-UNNAMED --add-opens=java.base/java.util=ALL-UNNAMED --add-opens=java.base/java.lang=ALL-UNNAMED --add-opens=java.base/java.lang.invoke=ALL-UNNAMED --add-opens=java.prefs/java.util.prefs=ALL-UNNAMED --add-opens=java.base/java.nio.charset=ALL-UNNAMED --add-opens=java.base/java.net=ALL-UNNAMED --add-opens=java.base/java.util.concurrent.atomic=ALL-UNNAMED -Xmx2048m -Dfile.encoding=UTF-8 -Duser.country=CN -Duser.language=zh -Duser.variant -javaagent:D:\Android\.gradle\wrapper\dists\gradle-8.7-bin\bhs2wmbdwecv87pi65oeuq5iu\gradle-8.7\lib\agents\gradle-instrumentation-agent-8.7.jar 
java_command: org.gradle.launcher.daemon.bootstrap.GradleDaemon 8.7
java_class_path (initial): D:\Android\.gradle\wrapper\dists\gradle-8.7-bin\bhs2wmbdwecv87pi65oeuq5iu\gradle-8.7\lib\gradle-launcher-8.7.jar
Launcher Type: SUN_STANDARD

[Global flags]
     intx CICompilerCount                          = 12                                        {product} {ergonomic}
     uint ConcGCThreads                            = 5                                         {product} {ergonomic}
     uint G1ConcRefinementThreads                  = 18                                        {product} {ergonomic}
   size_t G1HeapRegionSize                         = 1048576                                   {product} {ergonomic}
    uintx GCDrainStackTargetSize                   = 64                                        {product} {ergonomic}
   size_t InitialHeapSize                          = 534773760                                 {product} {ergonomic}
   size_t MarkStackSize                            = 4194304                                   {product} {ergonomic}
   size_t MaxHeapSize                              = 2147483648                                {product} {command line}
   size_t MaxNewSize                               = 1287651328                                {product} {ergonomic}
   size_t MinHeapDeltaBytes                        = 1048576                                   {product} {ergonomic}
   size_t MinHeapSize                              = 8388608                                   {product} {ergonomic}
    uintx NonNMethodCodeHeapSize                   = 7602480                                {pd product} {ergonomic}
    uintx NonProfiledCodeHeapSize                  = 122027880                              {pd product} {ergonomic}
    uintx ProfiledCodeHeapSize                     = 122027880                              {pd product} {ergonomic}
    uintx ReservedCodeCacheSize                    = 251658240                              {pd product} {ergonomic}
     bool SegmentedCodeCache                       = true                                      {product} {ergonomic}
   size_t SoftMaxHeapSize                          = 2147483648                             {manageable} {ergonomic}
     bool UseCompressedClassPointers               = true                           {product lp64_product} {ergonomic}
     bool UseCompressedOops                        = true                           {product lp64_product} {ergonomic}
     bool UseG1GC                                  = true                                      {product} {ergonomic}
     bool UseLargePagesIndividualAllocation        = false                                  {pd product} {ergonomic}

Logging:
Log output configuration:
 #0: stdout all=warning uptime,level,tags
 #1: stderr all=off uptime,level,tags

Environment Variables:
JAVA_HOME=C:\Server\Java\Jdk17.0.12
CLASSPATH=.;C:\Server\Java\Jdk17.0.12\lib\dt.jar;C:\Server\Java\Jdk17.0.12\lib\tools.jar
PATH=C:\Windows\system32;C:\Windows;C:\Server\Java\Jdk17.0.12\bin;C:\Server\Java\Jdk17.0.12\jre\bin;C:\Windows\System32\Wbem;C:\Windows\System32\WindowsPowerShell\v1.0\;C:\Windows\System32\OpenSSH\;C:\Program Files (x86)\NVIDIA Corporation\PhysX\Common;C:\Program Files\dotnet\;D:\Maven\apache-maven-3.8.1\bin;C:\Program Files (x86)\NetSarang\Xshell 8\;C:\Program Files (x86)\NetSarang\Xftp 8\;C:\Program Files\Git\bin;C:\Server\node-v20.18.0;C:\Server\node-v20.18.0\node-global;C:\Program Files\NVIDIA Corporation\NVIDIA app\NvDLISR;C:\Program Files\Calibre2\;C:\Server\flutter-3.24.4\bin;C:\Users\Cheng\AppData\Local\Android\Sdk\platform-tools;C:\Server\Python3.13;C:\Server\Python3.13\Scripts;C:\Users\Cheng\AppData\Local\Programs\Python\Launcher\;C:\Users\Cheng\AppData\Local\Microsoft\WindowsApps;C:\Program Files\Bandizip\;C:\Users\Cheng\AppData\Local\JetBrains\Toolbox\scripts;C:\Users\Cheng\AppData\Local\Programs\Microsoft VS Code\bin
USERNAME=Cheng
OS=Windows_NT
PROCESSOR_IDENTIFIER=Intel64 Family 6 Model 183 Stepping 1, GenuineIntel



---------------  S Y S T E M  ---------------

OS:
 Windows 11 , 64 bit Build 26100 (10.0.26100.2454)
OS uptime: 1 days 21:26 hours

CPU: total 24 (initial active 24) (12 cores per cpu, 2 threads per core) family 6 model 183 stepping 1 microcode 0x127, cx8, cmov, fxsr, ht, mmx, 3dnowpref, sse, sse2, sse3, ssse3, sse4.1, sse4.2, popcnt, lzcnt, tsc, tscinvbit, avx, avx2, aes, erms, clmul, bmi1, bmi2, adx, sha, fma, vzeroupper, clflush, clflushopt, clwb

Memory: 4k page, system-wide physical 32559M (6457M free)
TotalPageFile size 32559M (AvailPageFile size 228M)
current process WorkingSet (physical memory assigned to process): 633M, peak: 643M
current process commit charge ("private bytes"): 702M, peak: 939M

vm_info: Java HotSpot(TM) 64-Bit Server VM (17.0.12+8-LTS-286) for windows-amd64 JRE (17.0.12+8-LTS-286), built on Jun  5 2024 06:46:59 by "mach5one" with MS VC++ 17.6 (VS2022)

END.
